;Hours;Oslo
01.01.2020;00 - 01;313,86
01.01.2020;01 - 02;313,36
01.01.2020;02 - 03;311,39
01.01.2020;03 - 04;308,53
01.01.2020;04 - 05;303,01
01.01.2020;05 - 06;298,57
01.01.2020;06 - 07;297,58
01.01.2020;07 - 08;297,29
01.01.2020;08 - 09;300,74
01.01.2020;09 - 10;301,72
01.01.2020;10 - 11;298,57
01.01.2020;11 - 12;299,26
01.01.2020;12 - 13;301,72
01.01.2020;13 - 14;299,65
01.01.2020;14 - 15;301,82
01.01.2020;15 - 16;306,66
01.01.2020;16 - 17;311
01.01.2020;17 - 18;313,46
01.01.2020;18 - 19;312,08
01.01.2020;19 - 20;310,11
01.01.2020;20 - 21;309,22
01.01.2020;21 - 22;306,46
01.01.2020;22 - 23;305,37
01.01.2020;23 - 00;301,92
02.01.2020;00 - 01;302,35
02.01.2020;01 - 02;300,97
02.01.2020;02 - 03;298,91
02.01.2020;03 - 04;293,11
02.01.2020;04 - 05;293,7
02.01.2020;05 - 06;299,01
02.01.2020;06 - 07;311,19
02.01.2020;07 - 08;312,27
02.01.2020;08 - 09;312,66
02.01.2020;09 - 10;311,78
02.01.2020;10 - 11;310,7
02.01.2020;11 - 12;307,65
02.01.2020;12 - 13;305,19
02.01.2020;13 - 14;305,1
02.01.2020;14 - 15;305,19
02.01.2020;15 - 16;307,06
02.01.2020;16 - 17;308,53
02.01.2020;17 - 18;308,44
02.01.2020;18 - 19;305,49
02.01.2020;19 - 20;302,05
02.01.2020;20 - 21;299,3
02.01.2020;21 - 22;295,67
02.01.2020;22 - 23;291,84
02.01.2020;23 - 00;278,18
03.01.2020;00 - 01;279,32
03.01.2020;01 - 02;278,33
03.01.2020;02 - 03;278,23
03.01.2020;03 - 04;273,11
03.01.2020;04 - 05;273,01
03.01.2020;05 - 06;276,75
03.01.2020;06 - 07;283,55
03.01.2020;07 - 08;283,95
03.01.2020;08 - 09;288,28
03.01.2020;09 - 10;292,22
03.01.2020;10 - 11;294,78
03.01.2020;11 - 12;299,12
03.01.2020;12 - 13;299,41
03.01.2020;13 - 14;297,94
03.01.2020;14 - 15;297,44
03.01.2020;15 - 16;299,51
03.01.2020;16 - 17;300,3
03.01.2020;17 - 18;299,91
03.01.2020;18 - 19;297,15
03.01.2020;19 - 20;293,11
03.01.2020;20 - 21;285,52
03.01.2020;21 - 22;278,43
03.01.2020;22 - 23;277,54
03.01.2020;23 - 00;279,41
04.01.2020;00 - 01;282,19
04.01.2020;01 - 02;282,09
04.01.2020;02 - 03;281,6
04.01.2020;03 - 04;275,01
04.01.2020;04 - 05;271,36
04.01.2020;05 - 06;270,38
04.01.2020;06 - 07;273,23
04.01.2020;07 - 08;276,48
04.01.2020;08 - 09;281,21
04.01.2020;09 - 10;282,58
04.01.2020;10 - 11;283,67
04.01.2020;11 - 12;283,86
04.01.2020;12 - 13;283,37
04.01.2020;13 - 14;283,08
04.01.2020;14 - 15;283,37
04.01.2020;15 - 16;284,45
04.01.2020;16 - 17;285,54
04.01.2020;17 - 18;286,03
04.01.2020;18 - 19;291,15
04.01.2020;19 - 20;291,15
04.01.2020;20 - 21;294,89
04.01.2020;21 - 22;295,77
04.01.2020;22 - 23;296,17
04.01.2020;23 - 00;303,45
05.01.2020;00 - 01;316,04
05.01.2020;01 - 02;308,25
05.01.2020;02 - 03;305,39
05.01.2020;03 - 04;298,29
05.01.2020;04 - 05;295,53
05.01.2020;05 - 06;294,83
05.01.2020;06 - 07;299,67
05.01.2020;07 - 08;299,27
05.01.2020;08 - 09;306,38
05.01.2020;09 - 10;307,56
05.01.2020;10 - 11;311,7
05.01.2020;11 - 12;311,21
05.01.2020;12 - 13;307,95
05.01.2020;13 - 14;305,09
05.01.2020;14 - 15;302,53
05.01.2020;15 - 16;303,71
05.01.2020;16 - 17;307,36
05.01.2020;17 - 18;311,01
05.01.2020;18 - 19;306,77
05.01.2020;19 - 20;300,06
05.01.2020;20 - 21;294,64
05.01.2020;21 - 22;292,07
05.01.2020;22 - 23;290,59
05.01.2020;23 - 00;291,19
06.01.2020;00 - 01;287,63
06.01.2020;01 - 02;286,75
06.01.2020;02 - 03;286,85
06.01.2020;03 - 04;282,7
06.01.2020;04 - 05;286,85
06.01.2020;05 - 06;292,47
06.01.2020;06 - 07;302,92
06.01.2020;07 - 08;304,99
06.01.2020;08 - 09;304,8
06.01.2020;09 - 10;304,6
06.01.2020;10 - 11;306,97
06.01.2020;11 - 12;308,05
06.01.2020;12 - 13;307,66
06.01.2020;13 - 14;306,57
06.01.2020;14 - 15;307,86
06.01.2020;15 - 16;308,74
06.01.2020;16 - 17;313,28
06.01.2020;17 - 18;313,08
06.01.2020;18 - 19;308,84
06.01.2020;19 - 20;305,29
06.01.2020;20 - 21;301,64
06.01.2020;21 - 22;298,68
06.01.2020;22 - 23;290,59
06.01.2020;23 - 00;286,75
07.01.2020;00 - 01;278,61
07.01.2020;01 - 02;279,2
07.01.2020;02 - 03;280,48
07.01.2020;03 - 04;276,94
07.01.2020;04 - 05;282,75
07.01.2020;05 - 06;290,24
07.01.2020;06 - 07;295,16
07.01.2020;07 - 08;305,01
07.01.2020;08 - 09;306,89
07.01.2020;09 - 10;304,92
07.01.2020;10 - 11;302,45
07.01.2020;11 - 12;301,17
07.01.2020;12 - 13;300,29
07.01.2020;13 - 14;300,38
07.01.2020;14 - 15;300,48
07.01.2020;15 - 16;303,83
07.01.2020;16 - 17;302,55
07.01.2020;17 - 18;300,88
07.01.2020;18 - 19;297,33
07.01.2020;19 - 20;290,24
07.01.2020;20 - 21;282,06
07.01.2020;21 - 22;275,66
07.01.2020;22 - 23;270,04
07.01.2020;23 - 00;272,01
08.01.2020;00 - 01;240,77
08.01.2020;01 - 02;244,31
08.01.2020;02 - 03;221,48
08.01.2020;03 - 04;201
08.01.2020;04 - 05;196,97
08.01.2020;05 - 06;226,4
08.01.2020;06 - 07;257,9
08.01.2020;07 - 08;265,67
08.01.2020;08 - 09;269,12
08.01.2020;09 - 10;274,83
08.01.2020;10 - 11;275,91
08.01.2020;11 - 12;275,81
08.01.2020;12 - 13;275,62
08.01.2020;13 - 14;275,42
08.01.2020;14 - 15;276,21
08.01.2020;15 - 16;279,95
08.01.2020;16 - 17;284,28
08.01.2020;17 - 18;285,66
08.01.2020;18 - 19;284,97
08.01.2020;19 - 20;282,7
08.01.2020;20 - 21;281,52
08.01.2020;21 - 22;280,64
08.01.2020;22 - 23;277,29
08.01.2020;23 - 00;274,93
09.01.2020;00 - 01;248,53
09.01.2020;01 - 02;249,81
09.01.2020;02 - 03;252,87
09.01.2020;03 - 04;253,56
09.01.2020;04 - 05;255,63
09.01.2020;05 - 06;258,69
09.01.2020;06 - 07;262,24
09.01.2020;07 - 08;273,08
09.01.2020;08 - 09;278,5
09.01.2020;09 - 10;279,09
09.01.2020;10 - 11;279,98
09.01.2020;11 - 12;279,69
09.01.2020;12 - 13;278,9
09.01.2020;13 - 14;279,69
09.01.2020;14 - 15;280,97
09.01.2020;15 - 16;283,53
09.01.2020;16 - 17;285,7
09.01.2020;17 - 18;285,01
09.01.2020;18 - 19;283,04
09.01.2020;19 - 20;279,29
09.01.2020;20 - 21;272,49
09.01.2020;21 - 22;271,6
09.01.2020;22 - 23;265,19
09.01.2020;23 - 00;260,36
10.01.2020;00 - 01;257,4
10.01.2020;01 - 02;256,81
10.01.2020;02 - 03;254,83
10.01.2020;03 - 04;255,62
10.01.2020;04 - 05;258,68
10.01.2020;05 - 06;266,09
10.01.2020;06 - 07;278,92
10.01.2020;07 - 08;291,17
10.01.2020;08 - 09;294,92
10.01.2020;09 - 10;294,13
10.01.2020;10 - 11;293,04
10.01.2020;11 - 12;290,97
10.01.2020;12 - 13;282,77
10.01.2020;13 - 14;280,9
10.01.2020;14 - 15;278,73
10.01.2020;15 - 16;284,85
10.01.2020;16 - 17;297,09
10.01.2020;17 - 18;295,12
10.01.2020;18 - 19;291,17
10.01.2020;19 - 20;287,32
10.01.2020;20 - 21;272,51
10.01.2020;21 - 22;267,08
10.01.2020;22 - 23;260,86
10.01.2020;23 - 00;257,4
11.01.2020;00 - 01;261,65
11.01.2020;01 - 02;259,38
11.01.2020;02 - 03;257,9
11.01.2020;03 - 04;253,96
11.01.2020;04 - 05;250,61
11.01.2020;05 - 06;249,72
11.01.2020;06 - 07;251,1
11.01.2020;07 - 08;250,61
11.01.2020;08 - 09;253,17
11.01.2020;09 - 10;255,73
11.01.2020;10 - 11;254,95
11.01.2020;11 - 12;251,89
11.01.2020;12 - 13;248,44
11.01.2020;13 - 14;246,66
11.01.2020;14 - 15;245,28
11.01.2020;15 - 16;248,24
11.01.2020;16 - 17;251,99
11.01.2020;17 - 18;252,97
11.01.2020;18 - 19;250,7
11.01.2020;19 - 20;244,39
11.01.2020;20 - 21;237,78
11.01.2020;21 - 22;234,73
11.01.2020;22 - 23;231,47
11.01.2020;23 - 00;230,59
12.01.2020;00 - 01;231,6
12.01.2020;01 - 02;227,74
12.01.2020;02 - 03;231,11
12.01.2020;03 - 04;227,35
12.01.2020;04 - 05;223,1
12.01.2020;05 - 06;225,67
12.01.2020;06 - 07;234,57
12.01.2020;07 - 08;237,14
12.01.2020;08 - 09;240,01
12.01.2020;09 - 10;244,75
12.01.2020;10 - 11;246,93
12.01.2020;11 - 12;247,42
12.01.2020;12 - 13;247,52
12.01.2020;13 - 14;246,83
12.01.2020;14 - 15;246,93
12.01.2020;15 - 16;249,9
12.01.2020;16 - 17;254,05
12.01.2020;17 - 18;262,06
12.01.2020;18 - 19;263,74
12.01.2020;19 - 20;258,7
12.01.2020;20 - 21;253,36
12.01.2020;21 - 22;252,47
12.01.2020;22 - 23;251,97
12.01.2020;23 - 00;246,63
13.01.2020;00 - 01;246,43
13.01.2020;01 - 02;242,68
13.01.2020;02 - 03;243,86
13.01.2020;03 - 04;245,74
13.01.2020;04 - 05;250,49
13.01.2020;05 - 06;258,7
13.01.2020;06 - 07;274,91
13.01.2020;07 - 08;280,85
13.01.2020;08 - 09;289,65
13.01.2020;09 - 10;285,69
13.01.2020;10 - 11;282,73
13.01.2020;11 - 12;280,35
13.01.2020;12 - 13;278,97
13.01.2020;13 - 14;277,58
13.01.2020;14 - 15;277,58
13.01.2020;15 - 16;279,27
13.01.2020;16 - 17;280,95
13.01.2020;17 - 18;279,96
13.01.2020;18 - 19;276,69
13.01.2020;19 - 20;270,86
13.01.2020;20 - 21;261,86
13.01.2020;21 - 22;257,51
13.01.2020;22 - 23;250,59
13.01.2020;23 - 00;231,4
14.01.2020;00 - 01;229,29
14.01.2020;01 - 02;211,16
14.01.2020;02 - 03;202,54
14.01.2020;03 - 04;204,33
14.01.2020;04 - 05;212,75
14.01.2020;05 - 06;218,69
14.01.2020;06 - 07;243,95
14.01.2020;07 - 08;253,06
14.01.2020;08 - 09;255,93
14.01.2020;09 - 10;255,43
14.01.2020;10 - 11;254,94
14.01.2020;11 - 12;253,85
14.01.2020;12 - 13;252,66
14.01.2020;13 - 14;253,55
14.01.2020;14 - 15;255,14
14.01.2020;15 - 16;259,5
14.01.2020;16 - 17;262,96
14.01.2020;17 - 18;266,23
14.01.2020;18 - 19;261,97
14.01.2020;19 - 20;256,52
14.01.2020;20 - 21;248,8
14.01.2020;21 - 22;240,97
14.01.2020;22 - 23;237,11
14.01.2020;23 - 00;233,05
15.01.2020;00 - 01;233,47
15.01.2020;01 - 02;228,62
15.01.2020;02 - 03;221,3
15.01.2020;03 - 04;216,56
15.01.2020;04 - 05;219,92
15.01.2020;05 - 06;225,06
15.01.2020;06 - 07;241,19
15.01.2020;07 - 08;248,31
15.01.2020;08 - 09;252,07
15.01.2020;09 - 10;252,37
15.01.2020;10 - 11;250,69
15.01.2020;11 - 12;247,12
15.01.2020;12 - 13;247,82
15.01.2020;13 - 14;248,51
15.01.2020;14 - 15;249,7
15.01.2020;15 - 16;256,62
15.01.2020;16 - 17;263,45
15.01.2020;17 - 18;266,02
15.01.2020;18 - 19;261,37
15.01.2020;19 - 20;254,25
15.01.2020;20 - 21;248,61
15.01.2020;21 - 22;245,84
15.01.2020;22 - 23;237,13
15.01.2020;23 - 00;231,79
16.01.2020;00 - 01;227,48
16.01.2020;01 - 02;225,6
16.01.2020;02 - 03;223,52
16.01.2020;03 - 04;223,33
16.01.2020;04 - 05;227,48
16.01.2020;05 - 06;234,7
16.01.2020;06 - 07;242,13
16.01.2020;07 - 08;247,37
16.01.2020;08 - 09;251,13
16.01.2020;09 - 10;250,64
16.01.2020;10 - 11;250,04
16.01.2020;11 - 12;249,15
16.01.2020;12 - 13;248,06
16.01.2020;13 - 14;248,26
16.01.2020;14 - 15;249,15
16.01.2020;15 - 16;250,93
16.01.2020;16 - 17;255,88
16.01.2020;17 - 18;256,97
16.01.2020;18 - 19;253,21
16.01.2020;19 - 20;248,76
16.01.2020;20 - 21;244,8
16.01.2020;21 - 22;242,52
16.01.2020;22 - 23;237,87
16.01.2020;23 - 00;228,87
17.01.2020;00 - 01;226,79
17.01.2020;01 - 02;223,72
17.01.2020;02 - 03;219,57
17.01.2020;03 - 04;221,55
17.01.2020;04 - 05;230,16
17.01.2020;05 - 06;233,62
17.01.2020;06 - 07;239,95
17.01.2020;07 - 08;245
17.01.2020;08 - 09;247,77
17.01.2020;09 - 10;247,77
17.01.2020;10 - 11;248,26
17.01.2020;11 - 12;248,36
17.01.2020;12 - 13;248,26
17.01.2020;13 - 14;248,36
17.01.2020;14 - 15;248,46
17.01.2020;15 - 16;249,65
17.01.2020;16 - 17;253,51
17.01.2020;17 - 18;254
17.01.2020;18 - 19;252,32
17.01.2020;19 - 20;249,05
17.01.2020;20 - 21;245,39
17.01.2020;21 - 22;244,4
17.01.2020;22 - 23;242,23
17.01.2020;23 - 00;238,07
18.01.2020;00 - 01;225,23
18.01.2020;01 - 02;227,81
18.01.2020;02 - 03;220,09
18.01.2020;03 - 04;223,75
18.01.2020;04 - 05;223,35
18.01.2020;05 - 06;222,76
18.01.2020;06 - 07;220,78
18.01.2020;07 - 08;225,04
18.01.2020;08 - 09;229,39
18.01.2020;09 - 10;233,35
18.01.2020;10 - 11;236,02
18.01.2020;11 - 12;235,13
18.01.2020;12 - 13;233,74
18.01.2020;13 - 14;232,26
18.01.2020;14 - 15;232,75
18.01.2020;15 - 16;235,92
18.01.2020;16 - 17;238,2
18.01.2020;17 - 18;240,87
18.01.2020;18 - 19;238,79
18.01.2020;19 - 20;235,72
18.01.2020;20 - 21;231,47
18.01.2020;21 - 22;228,99
18.01.2020;22 - 23;228,89
18.01.2020;23 - 00;224,24
19.01.2020;00 - 01;220,06
19.01.2020;01 - 02;216,31
19.01.2020;02 - 03;214,13
19.01.2020;03 - 04;212,55
19.01.2020;04 - 05;213,34
19.01.2020;05 - 06;216,21
19.01.2020;06 - 07;218,68
19.01.2020;07 - 08;218,18
19.01.2020;08 - 09;220,95
19.01.2020;09 - 10;223,61
19.01.2020;10 - 11;227,17
19.01.2020;11 - 12;227,86
19.01.2020;12 - 13;227,66
19.01.2020;13 - 14;227,56
19.01.2020;14 - 15;226,18
19.01.2020;15 - 16;229,93
19.01.2020;16 - 17;235,66
19.01.2020;17 - 18;237,93
19.01.2020;18 - 19;237,43
19.01.2020;19 - 20;236,15
19.01.2020;20 - 21;232,99
19.01.2020;21 - 22;233,68
19.01.2020;22 - 23;231,61
19.01.2020;23 - 00;228,05
20.01.2020;00 - 01;225,49
20.01.2020;01 - 02;222,43
20.01.2020;02 - 03;221,14
20.01.2020;03 - 04;219,96
20.01.2020;04 - 05;223,91
20.01.2020;05 - 06;227,36
20.01.2020;06 - 07;224,99
20.01.2020;07 - 08;234,87
20.01.2020;08 - 09;236,45
20.01.2020;09 - 10;236,05
20.01.2020;10 - 11;234,57
20.01.2020;11 - 12;235,76
20.01.2020;12 - 13;232,4
20.01.2020;13 - 14;231,71
20.01.2020;14 - 15;231,02
20.01.2020;15 - 16;231,12
20.01.2020;16 - 17;233,98
20.01.2020;17 - 18;234,57
20.01.2020;18 - 19;231,12
20.01.2020;19 - 20;226,18
20.01.2020;20 - 21;218,38
20.01.2020;21 - 22;213,64
20.01.2020;22 - 23;203,77
20.01.2020;23 - 00;199,42
21.01.2020;00 - 01;187,71
21.01.2020;01 - 02;189,69
21.01.2020;02 - 03;187,81
21.01.2020;03 - 04;187,81
21.01.2020;04 - 05;191,76
21.01.2020;05 - 06;194,33
21.01.2020;06 - 07;205,4
21.01.2020;07 - 08;214,5
21.01.2020;08 - 09;217,96
21.01.2020;09 - 10;217,16
21.01.2020;10 - 11;216,87
21.01.2020;11 - 12;216,28
21.01.2020;12 - 13;217,36
21.01.2020;13 - 14;217,16
21.01.2020;14 - 15;217,46
21.01.2020;15 - 16;218,65
21.01.2020;16 - 17;224,58
21.01.2020;17 - 18;228,43
21.01.2020;18 - 19;225,76
21.01.2020;19 - 20;217,46
21.01.2020;20 - 21;208,96
21.01.2020;21 - 22;206,49
21.01.2020;22 - 23;200,16
21.01.2020;23 - 00;189,69
22.01.2020;00 - 01;199,05
22.01.2020;01 - 02;197,36
22.01.2020;02 - 03;194,29
22.01.2020;03 - 04;193,19
22.01.2020;04 - 05;192,99
22.01.2020;05 - 06;198,56
22.01.2020;06 - 07;204,52
22.01.2020;07 - 08;212,76
22.01.2020;08 - 09;215,24
22.01.2020;09 - 10;215,64
22.01.2020;10 - 11;216,73
22.01.2020;11 - 12;215,74
22.01.2020;12 - 13;215,64
22.01.2020;13 - 14;215,94
22.01.2020;14 - 15;217,93
22.01.2020;15 - 16;223,19
22.01.2020;16 - 17;236,6
22.01.2020;17 - 18;247,13
22.01.2020;18 - 19;242,16
22.01.2020;19 - 20;239,88
22.01.2020;20 - 21;227,36
22.01.2020;21 - 22;226,17
22.01.2020;22 - 23;215,64
22.01.2020;23 - 00;212,26
23.01.2020;00 - 01;206,5
23.01.2020;01 - 02;204,61
23.01.2020;02 - 03;203,41
23.01.2020;03 - 04;203,61
23.01.2020;04 - 05;207,69
23.01.2020;05 - 06;207,69
23.01.2020;06 - 07;210,67
23.01.2020;07 - 08;227,48
23.01.2020;08 - 09;237,03
23.01.2020;09 - 10;225,79
23.01.2020;10 - 11;217,93
23.01.2020;11 - 12;209,18
23.01.2020;12 - 13;206,2
23.01.2020;13 - 14;204,61
23.01.2020;14 - 15;204,8
23.01.2020;15 - 16;204,41
23.01.2020;16 - 17;208,19
23.01.2020;17 - 18;208,88
23.01.2020;18 - 19;204,9
23.01.2020;19 - 20;203,01
23.01.2020;20 - 21;199,33
23.01.2020;21 - 22;196,85
23.01.2020;22 - 23;183,72
23.01.2020;23 - 00;168,5
24.01.2020;00 - 01;176,85
24.01.2020;01 - 02;176,45
24.01.2020;02 - 03;173,96
24.01.2020;03 - 04;174,65
24.01.2020;04 - 05;178,94
24.01.2020;05 - 06;189,7
24.01.2020;06 - 07;198,57
24.01.2020;07 - 08;208,33
24.01.2020;08 - 09;213,61
24.01.2020;09 - 10;213,21
24.01.2020;10 - 11;213,21
24.01.2020;11 - 12;210,32
24.01.2020;12 - 13;207,93
24.01.2020;13 - 14;206,74
24.01.2020;14 - 15;205,14
24.01.2020;15 - 16;205,54
24.01.2020;16 - 17;210,72
24.01.2020;17 - 18;217,4
24.01.2020;18 - 19;213,81
24.01.2020;19 - 20;208,03
24.01.2020;20 - 21;199,76
24.01.2020;21 - 22;195,08
24.01.2020;22 - 23;190,5
24.01.2020;23 - 00;185,32
25.01.2020;00 - 01;191,81
25.01.2020;01 - 02;191,81
25.01.2020;02 - 03;191,51
25.01.2020;03 - 04;191,71
25.01.2020;04 - 05;193,4
25.01.2020;05 - 06;196,67
25.01.2020;06 - 07;199,36
25.01.2020;07 - 08;201,14
25.01.2020;08 - 09;205,81
25.01.2020;09 - 10;207,5
25.01.2020;10 - 11;208,39
25.01.2020;11 - 12;210,88
25.01.2020;12 - 13;210,98
25.01.2020;13 - 14;208,89
25.01.2020;14 - 15;208,59
25.01.2020;15 - 16;209,98
25.01.2020;16 - 17;214,06
25.01.2020;17 - 18;215,55
25.01.2020;18 - 19;214,06
25.01.2020;19 - 20;208,49
25.01.2020;20 - 21;206,51
25.01.2020;21 - 22;204,12
25.01.2020;22 - 23;202,24
25.01.2020;23 - 00;198,36
26.01.2020;00 - 01;192,77
26.01.2020;01 - 02;189,97
26.01.2020;02 - 03;186,56
26.01.2020;03 - 04;184,05
26.01.2020;04 - 05;188,56
26.01.2020;05 - 06;187,76
26.01.2020;06 - 07;188,96
26.01.2020;07 - 08;192,77
26.01.2020;08 - 09;195,98
26.01.2020;09 - 10;200,1
26.01.2020;10 - 11;203,41
26.01.2020;11 - 12;204,41
26.01.2020;12 - 13;204,61
26.01.2020;13 - 14;205,01
26.01.2020;14 - 15;205,81
26.01.2020;15 - 16;208,62
26.01.2020;16 - 17;212,23
26.01.2020;17 - 18;213,94
26.01.2020;18 - 19;213,14
26.01.2020;19 - 20;211,03
26.01.2020;20 - 21;207,22
26.01.2020;21 - 22;203,51
26.01.2020;22 - 23;201,3
26.01.2020;23 - 00;198,99
27.01.2020;00 - 01;195,98
27.01.2020;01 - 02;194,18
27.01.2020;02 - 03;193,08
27.01.2020;03 - 04;194,08
27.01.2020;04 - 05;198,19
27.01.2020;05 - 06;201,1
27.01.2020;06 - 07;207,72
27.01.2020;07 - 08;212,23
27.01.2020;08 - 09;213,74
27.01.2020;09 - 10;213,54
27.01.2020;10 - 11;213,74
27.01.2020;11 - 12;213,64
27.01.2020;12 - 13;213,74
27.01.2020;13 - 14;213,74
27.01.2020;14 - 15;214,44
27.01.2020;15 - 16;214,94
27.01.2020;16 - 17;215,44
27.01.2020;17 - 18;215,44
27.01.2020;18 - 19;215,24
27.01.2020;19 - 20;215,04
27.01.2020;20 - 21;212,13
27.01.2020;21 - 22;211,13
27.01.2020;22 - 23;207,02
27.01.2020;23 - 00;203,61
28.01.2020;00 - 01;201,85
28.01.2020;01 - 02;201,55
28.01.2020;02 - 03;201,55
28.01.2020;03 - 04;202,05
28.01.2020;04 - 05;204,16
28.01.2020;05 - 06;206,56
28.01.2020;06 - 07;212,68
28.01.2020;07 - 08;215,39
28.01.2020;08 - 09;216,59
28.01.2020;09 - 10;216,29
28.01.2020;10 - 11;215,49
28.01.2020;11 - 12;214,89
28.01.2020;12 - 13;214,78
28.01.2020;13 - 14;214,68
28.01.2020;14 - 15;214,78
28.01.2020;15 - 16;215,09
28.01.2020;16 - 17;215,89
28.01.2020;17 - 18;219,9
28.01.2020;18 - 19;217,69
28.01.2020;19 - 20;215,89
28.01.2020;20 - 21;215,09
28.01.2020;21 - 22;211,58
28.01.2020;22 - 23;205,46
28.01.2020;23 - 00;201,35
29.01.2020;00 - 01;201,53
29.01.2020;01 - 02;197,79
29.01.2020;02 - 03;193,55
29.01.2020;03 - 04;198,09
29.01.2020;04 - 05;201,73
29.01.2020;05 - 06;204,96
29.01.2020;06 - 07;212,23
29.01.2020;07 - 08;217,39
29.01.2020;08 - 09;221,12
29.01.2020;09 - 10;219,71
29.01.2020;10 - 11;219,41
29.01.2020;11 - 12;219,1
29.01.2020;12 - 13;217,08
29.01.2020;13 - 14;216,58
29.01.2020;14 - 15;216,48
29.01.2020;15 - 16;216,98
29.01.2020;16 - 17;220,42
29.01.2020;17 - 18;223,35
29.01.2020;18 - 19;220,82
29.01.2020;19 - 20;218,09
29.01.2020;20 - 21;215,16
29.01.2020;21 - 22;213,24
29.01.2020;22 - 23;208,19
29.01.2020;23 - 00;202,34
30.01.2020;00 - 01;198,74
30.01.2020;01 - 02;197,64
30.01.2020;02 - 03;197,84
30.01.2020;03 - 04;198,64
30.01.2020;04 - 05;200,15
30.01.2020;05 - 06;207,19
30.01.2020;06 - 07;212,92
30.01.2020;07 - 08;219,85
30.01.2020;08 - 09;221,16
30.01.2020;09 - 10;220,86
30.01.2020;10 - 11;221,06
30.01.2020;11 - 12;219,95
30.01.2020;12 - 13;220,05
30.01.2020;13 - 14;218,45
30.01.2020;14 - 15;218,04
30.01.2020;15 - 16;216,74
30.01.2020;16 - 17;217,54
30.01.2020;17 - 18;217,34
30.01.2020;18 - 19;215,93
30.01.2020;19 - 20;214,52
30.01.2020;20 - 21;211,31
30.01.2020;21 - 22;208,49
30.01.2020;22 - 23;203,77
30.01.2020;23 - 00;196,63
31.01.2020;00 - 01;177,5
31.01.2020;01 - 02;172,11
31.01.2020;02 - 03;169,78
31.01.2020;03 - 04;168,96
31.01.2020;04 - 05;170,18
31.01.2020;05 - 06;181,16
31.01.2020;06 - 07;195,28
31.01.2020;07 - 08;200,56
31.01.2020;08 - 09;201,78
31.01.2020;09 - 10;201,88
31.01.2020;10 - 11;202,29
31.01.2020;11 - 12;201,27
31.01.2020;12 - 13;199,95
31.01.2020;13 - 14;199,24
31.01.2020;14 - 15;198,63
31.01.2020;15 - 16;198,63
31.01.2020;16 - 17;201,38
31.01.2020;17 - 18;202,8
31.01.2020;18 - 19;201,38
31.01.2020;19 - 20;198,94
31.01.2020;20 - 21;193,96
31.01.2020;21 - 22;190,1
31.01.2020;22 - 23;185,93
31.01.2020;23 - 00;173,64
01.02.2020;00 - 01;163,42
01.02.2020;01 - 02;163,93
01.02.2020;02 - 03;163,32
01.02.2020;03 - 04;163,22
01.02.2020;04 - 05;160,37
01.02.2020;05 - 06;163,01
01.02.2020;06 - 07;163,73
01.02.2020;07 - 08;163,01
01.02.2020;08 - 09;163,62
01.02.2020;09 - 10;165,86
01.02.2020;10 - 11;166,58
01.02.2020;11 - 12;165,97
01.02.2020;12 - 13;164,74
01.02.2020;13 - 14;163,83
01.02.2020;14 - 15;163,42
01.02.2020;15 - 16;163,73
01.02.2020;16 - 17;165,97
01.02.2020;17 - 18;170,96
01.02.2020;18 - 19;172,79
01.02.2020;19 - 20;164,74
01.02.2020;20 - 21;163,32
01.02.2020;21 - 22;163,62
01.02.2020;22 - 23;163,12
01.02.2020;23 - 00;162,1
02.02.2020;00 - 01;162,09
02.02.2020;01 - 02;157,29
02.02.2020;02 - 03;156,98
02.02.2020;03 - 04;163,62
02.02.2020;04 - 05;164,23
02.02.2020;05 - 06;164,85
02.02.2020;06 - 07;166,48
02.02.2020;07 - 08;165,87
02.02.2020;08 - 09;166,17
02.02.2020;09 - 10;171,48
02.02.2020;10 - 11;173,73
02.02.2020;11 - 12;173,73
02.02.2020;12 - 13;173,22
02.02.2020;13 - 14;173,02
02.02.2020;14 - 15;173,53
02.02.2020;15 - 16;177,82
02.02.2020;16 - 17;183,84
02.02.2020;17 - 18;193,14
02.02.2020;18 - 19;192,63
02.02.2020;19 - 20;188,13
02.02.2020;20 - 21;182,11
02.02.2020;21 - 22;181,09
02.02.2020;22 - 23;179,45
02.02.2020;23 - 00;173,22
03.02.2020;00 - 01;167,91
03.02.2020;01 - 02;164,03
03.02.2020;02 - 03;156,78
03.02.2020;03 - 04;156,78
03.02.2020;04 - 05;166,58
03.02.2020;05 - 06;179,55
03.02.2020;06 - 07;199,06
03.02.2020;07 - 08;205,19
03.02.2020;08 - 09;208,05
03.02.2020;09 - 10;206,01
03.02.2020;10 - 11;203,96
03.02.2020;11 - 12;200,9
03.02.2020;12 - 13;198,96
03.02.2020;13 - 14;198,04
03.02.2020;14 - 15;198,04
03.02.2020;15 - 16;199,88
03.02.2020;16 - 17;201,72
03.02.2020;17 - 18;203,15
03.02.2020;18 - 19;202,43
03.02.2020;19 - 20;201,21
03.02.2020;20 - 21;199,67
03.02.2020;21 - 22;196,81
03.02.2020;22 - 23;191,2
03.02.2020;23 - 00;183,64
04.02.2020;00 - 01;181,66
04.02.2020;01 - 02;175,81
04.02.2020;02 - 03;169,44
04.02.2020;03 - 04;164,93
04.02.2020;04 - 05;172,11
04.02.2020;05 - 06;182,27
04.02.2020;06 - 07;198,28
04.02.2020;07 - 08;203
04.02.2020;08 - 09;209,78
04.02.2020;09 - 10;207,01
04.02.2020;10 - 11;204,75
04.02.2020;11 - 12;201,46
04.02.2020;12 - 13;199,62
04.02.2020;13 - 14;198,8
04.02.2020;14 - 15;198,69
04.02.2020;15 - 16;199,72
04.02.2020;16 - 17;202,18
04.02.2020;17 - 18;202,9
04.02.2020;18 - 19;201,05
04.02.2020;19 - 20;199,62
04.02.2020;20 - 21;198,39
04.02.2020;21 - 22;196,23
04.02.2020;22 - 23;190,79
04.02.2020;23 - 00;183,3
05.02.2020;00 - 01;166,31
05.02.2020;01 - 02;164,16
05.02.2020;02 - 03;163,65
05.02.2020;03 - 04;164,47
05.02.2020;04 - 05;168,96
05.02.2020;05 - 06;172,74
05.02.2020;06 - 07;183,25
05.02.2020;07 - 08;188,36
05.02.2020;08 - 09;190,09
05.02.2020;09 - 10;188,36
05.02.2020;10 - 11;186,62
05.02.2020;11 - 12;183,25
05.02.2020;12 - 13;180,7
05.02.2020;13 - 14;178,76
05.02.2020;14 - 15;177,43
05.02.2020;15 - 16;177,03
05.02.2020;16 - 17;178,66
05.02.2020;17 - 18;179,78
05.02.2020;18 - 19;177,94
05.02.2020;19 - 20;174,27
05.02.2020;20 - 21;168,45
05.02.2020;21 - 22;166,1
05.02.2020;22 - 23;160,69
05.02.2020;23 - 00;152,73
06.02.2020;00 - 01;149,18
06.02.2020;01 - 02;148,07
06.02.2020;02 - 03;147,25
06.02.2020;03 - 04;149,08
06.02.2020;04 - 05;153,44
06.02.2020;05 - 06;161,05
06.02.2020;06 - 07;167,13
06.02.2020;07 - 08;172,61
06.02.2020;08 - 09;174,23
06.02.2020;09 - 10;173,01
06.02.2020;10 - 11;172
06.02.2020;11 - 12;171,19
06.02.2020;12 - 13;170,58
06.02.2020;13 - 14;170,38
06.02.2020;14 - 15;170,68
06.02.2020;15 - 16;171,09
06.02.2020;16 - 17;172
06.02.2020;17 - 18;172,91
06.02.2020;18 - 19;172,61
06.02.2020;19 - 20;172
06.02.2020;20 - 21;170,88
06.02.2020;21 - 22;170,88
06.02.2020;22 - 23;169,06
06.02.2020;23 - 00;167,54
07.02.2020;00 - 01;163,12
07.02.2020;01 - 02;162,62
07.02.2020;02 - 03;162,21
07.02.2020;03 - 04;161,91
07.02.2020;04 - 05;162,41
07.02.2020;05 - 06;164,14
07.02.2020;06 - 07;166,47
07.02.2020;07 - 08;171,24
07.02.2020;08 - 09;171,24
07.02.2020;09 - 10;171,04
07.02.2020;10 - 11;169,92
07.02.2020;11 - 12;168,5
07.02.2020;12 - 13;166,78
07.02.2020;13 - 14;166,27
07.02.2020;14 - 15;165,66
07.02.2020;15 - 16;164,85
07.02.2020;16 - 17;165,56
07.02.2020;17 - 18;165,86
07.02.2020;18 - 19;163,83
07.02.2020;19 - 20;162,51
07.02.2020;20 - 21;158,66
07.02.2020;21 - 22;156,43
07.02.2020;22 - 23;151,36
07.02.2020;23 - 00;148,82
08.02.2020;00 - 01;140,67
08.02.2020;01 - 02;138,74
08.02.2020;02 - 03;136
08.02.2020;03 - 04;134,07
08.02.2020;04 - 05;133,16
08.02.2020;05 - 06;132,65
08.02.2020;06 - 07;133,46
08.02.2020;07 - 08;135,19
08.02.2020;08 - 09;138,95
08.02.2020;09 - 10;141,48
08.02.2020;10 - 11;142,4
08.02.2020;11 - 12;142,8
08.02.2020;12 - 13;141,99
08.02.2020;13 - 14;141,38
08.02.2020;14 - 15;141,79
08.02.2020;15 - 16;142,8
08.02.2020;16 - 17;146,16
08.02.2020;17 - 18;148,59
08.02.2020;18 - 19;147,07
08.02.2020;19 - 20;143,62
08.02.2020;20 - 21;138,13
08.02.2020;21 - 22;135,69
08.02.2020;22 - 23;131,84
08.02.2020;23 - 00;123,41
09.02.2020;00 - 01;129,6
09.02.2020;01 - 02;125,55
09.02.2020;02 - 03;121,3
09.02.2020;03 - 04;99,45
09.02.2020;04 - 05;98,03
09.02.2020;05 - 06;98,54
09.02.2020;06 - 07;99,14
09.02.2020;07 - 08;105,72
09.02.2020;08 - 09;109,97
09.02.2020;09 - 10;116,44
09.02.2020;10 - 11;119,28
09.02.2020;11 - 12;120,09
09.02.2020;12 - 13;120,09
09.02.2020;13 - 14;119,48
09.02.2020;14 - 15;119,88
09.02.2020;15 - 16;120,69
09.02.2020;16 - 17;121,71
09.02.2020;17 - 18;122,21
09.02.2020;18 - 19;121,3
09.02.2020;19 - 20;120,29
09.02.2020;20 - 21;117,46
09.02.2020;21 - 22;115,13
09.02.2020;22 - 23;108,76
09.02.2020;23 - 00;103,19
10.02.2020;00 - 01;109,56
10.02.2020;01 - 02;101,98
10.02.2020;02 - 03;98,74
10.02.2020;03 - 04;99,04
10.02.2020;04 - 05;100,76
10.02.2020;05 - 06;106,33
10.02.2020;06 - 07;121,71
10.02.2020;07 - 08;132,53
10.02.2020;08 - 09;142,55
10.02.2020;09 - 10;133,54
10.02.2020;10 - 11;126,86
10.02.2020;11 - 12;127,17
10.02.2020;12 - 13;122,11
10.02.2020;13 - 14;121,3
10.02.2020;14 - 15;121,2
10.02.2020;15 - 16;123,83
10.02.2020;16 - 17;129,19
10.02.2020;17 - 18;141,53
10.02.2020;18 - 19;140,93
10.02.2020;19 - 20;135,26
10.02.2020;20 - 21;132,63
10.02.2020;21 - 22;126,16
10.02.2020;22 - 23;118,16
10.02.2020;23 - 00;103,19
11.02.2020;00 - 01;114,83
11.02.2020;01 - 02;117,05
11.02.2020;02 - 03;117,66
11.02.2020;03 - 04;117,86
11.02.2020;04 - 05;118,67
11.02.2020;05 - 06;121,3
11.02.2020;06 - 07;128,28
11.02.2020;07 - 08;141,13
11.02.2020;08 - 09;142,75
11.02.2020;09 - 10;134,76
11.02.2020;10 - 11;132,63
11.02.2020;11 - 12;131,52
11.02.2020;12 - 13;130
11.02.2020;13 - 14;129,19
11.02.2020;14 - 15;131,52
11.02.2020;15 - 16;130,91
11.02.2020;16 - 17;138,3
11.02.2020;17 - 18;142,85
11.02.2020;18 - 19;142,24
11.02.2020;19 - 20;138,9
11.02.2020;20 - 21;130,91
11.02.2020;21 - 22;123,63
11.02.2020;22 - 23;120,59
11.02.2020;23 - 00;103,19
12.02.2020;00 - 01;114,32
12.02.2020;01 - 02;113,1
12.02.2020;02 - 03;112,4
12.02.2020;03 - 04;113,21
12.02.2020;04 - 05;116,64
12.02.2020;05 - 06;127,55
12.02.2020;06 - 07;136,33
12.02.2020;07 - 08;140,47
12.02.2020;08 - 09;143,3
12.02.2020;09 - 10;142,39
12.02.2020;10 - 11;141,28
12.02.2020;11 - 12;140,67
12.02.2020;12 - 13;138,25
12.02.2020;13 - 14;138,15
12.02.2020;14 - 15;136,74
12.02.2020;15 - 16;136,94
12.02.2020;16 - 17;138,45
12.02.2020;17 - 18;141,58
12.02.2020;18 - 19;140,88
12.02.2020;19 - 20;139,36
12.02.2020;20 - 21;137,44
12.02.2020;21 - 22;135,52
12.02.2020;22 - 23;131,18
12.02.2020;23 - 00;128,35
13.02.2020;00 - 01;128,78
13.02.2020;01 - 02;128,98
13.02.2020;02 - 03;128,88
13.02.2020;03 - 04;129,38
13.02.2020;04 - 05;130,39
13.02.2020;05 - 06;132,7
13.02.2020;06 - 07;137,13
13.02.2020;07 - 08;140,35
13.02.2020;08 - 09;142,56
13.02.2020;09 - 10;140,85
13.02.2020;10 - 11;139,24
13.02.2020;11 - 12;137,53
13.02.2020;12 - 13;136,63
13.02.2020;13 - 14;136,33
13.02.2020;14 - 15;134,62
13.02.2020;15 - 16;135,32
13.02.2020;16 - 17;135,92
13.02.2020;17 - 18;137,13
13.02.2020;18 - 19;140,05
13.02.2020;19 - 20;139,65
13.02.2020;20 - 21;139,14
13.02.2020;21 - 22;139,04
13.02.2020;22 - 23;136,02
13.02.2020;23 - 00;135,32
14.02.2020;00 - 01;131,53
14.02.2020;01 - 02;130,62
14.02.2020;02 - 03;130,52
14.02.2020;03 - 04;130,62
14.02.2020;04 - 05;130,83
14.02.2020;05 - 06;132,43
14.02.2020;06 - 07;134,35
14.02.2020;07 - 08;138,67
14.02.2020;08 - 09;141,89
14.02.2020;09 - 10;139,07
14.02.2020;10 - 11;136,76
14.02.2020;11 - 12;135,25
14.02.2020;12 - 13;134,24
14.02.2020;13 - 14;133,44
14.02.2020;14 - 15;132,84
14.02.2020;15 - 16;132,43
14.02.2020;16 - 17;132,64
14.02.2020;17 - 18;133,04
14.02.2020;18 - 19;132,54
14.02.2020;19 - 20;131,63
14.02.2020;20 - 21;130,62
14.02.2020;21 - 22;130,52
14.02.2020;22 - 23;127,11
14.02.2020;23 - 00;126,7
15.02.2020;00 - 01;117,48
15.02.2020;01 - 02;114,97
15.02.2020;02 - 03;112,77
15.02.2020;03 - 04;111,37
15.02.2020;04 - 05;112,17
15.02.2020;05 - 06;114,77
15.02.2020;06 - 07;114,87
15.02.2020;07 - 08;117,78
15.02.2020;08 - 09;120,49
15.02.2020;09 - 10;123,69
15.02.2020;10 - 11;125,5
15.02.2020;11 - 12;125,6
15.02.2020;12 - 13;124,9
15.02.2020;13 - 14;124,2
15.02.2020;14 - 15;123,9
15.02.2020;15 - 16;124,3
15.02.2020;16 - 17;124,7
15.02.2020;17 - 18;125,3
15.02.2020;18 - 19;124,4
15.02.2020;19 - 20;120,89
15.02.2020;20 - 21;111,37
15.02.2020;21 - 22;100,44
15.02.2020;22 - 23;93,32
15.02.2020;23 - 00;89,31
16.02.2020;00 - 01;95,96
16.02.2020;01 - 02;93,65
16.02.2020;02 - 03;87,53
16.02.2020;03 - 04;80,32
16.02.2020;04 - 05;74,9
16.02.2020;05 - 06;71,09
16.02.2020;06 - 07;76,91
16.02.2020;07 - 08;76,91
16.02.2020;08 - 09;85,63
16.02.2020;09 - 10;87,94
16.02.2020;10 - 11;92,95
16.02.2020;11 - 12;95,66
16.02.2020;12 - 13;96,46
16.02.2020;13 - 14;96,06
16.02.2020;14 - 15;92,15
16.02.2020;15 - 16;93,35
16.02.2020;16 - 17;99,77
16.02.2020;17 - 18;104,98
16.02.2020;18 - 19;105,28
16.02.2020;19 - 20;102,68
16.02.2020;20 - 21;98,46
16.02.2020;21 - 22;94,65
16.02.2020;22 - 23;88,14
16.02.2020;23 - 00;84,13
17.02.2020;00 - 01;91,04
17.02.2020;01 - 02;90,44
17.02.2020;02 - 03;89,54
17.02.2020;03 - 04;77,51
17.02.2020;04 - 05;73,8
17.02.2020;05 - 06;95,16
17.02.2020;06 - 07;112
17.02.2020;07 - 08;116,31
17.02.2020;08 - 09;119,62
17.02.2020;09 - 10;118,42
17.02.2020;10 - 11;117,92
17.02.2020;11 - 12;116,31
17.02.2020;12 - 13;115,31
17.02.2020;13 - 14;114,91
17.02.2020;14 - 15;115,11
17.02.2020;15 - 16;114,81
17.02.2020;16 - 17;116,01
17.02.2020;17 - 18;122,93
17.02.2020;18 - 19;122,83
17.02.2020;19 - 20;115,91
17.02.2020;20 - 21;113
17.02.2020;21 - 22;111,5
17.02.2020;22 - 23;108,69
17.02.2020;23 - 00;98,06
18.02.2020;00 - 01;97,82
18.02.2020;01 - 02;97,12
18.02.2020;02 - 03;90,39
18.02.2020;03 - 04;86,17
18.02.2020;04 - 05;89,78
18.02.2020;05 - 06;102,14
18.02.2020;06 - 07;109,17
18.02.2020;07 - 08;116,3
18.02.2020;08 - 09;117,1
18.02.2020;09 - 10;115,59
18.02.2020;10 - 11;112,88
18.02.2020;11 - 12;109,57
18.02.2020;12 - 13;105,05
18.02.2020;13 - 14;105,15
18.02.2020;14 - 15;111,18
18.02.2020;15 - 16;112,28
18.02.2020;16 - 17;114,89
18.02.2020;17 - 18;116,7
18.02.2020;18 - 19;116,8
18.02.2020;19 - 20;116,4
18.02.2020;20 - 21;116,3
18.02.2020;21 - 22;115,7
18.02.2020;22 - 23;112,98
18.02.2020;23 - 00;109,87
19.02.2020;00 - 01;103,39
19.02.2020;01 - 02;102,98
19.02.2020;02 - 03;104,19
19.02.2020;03 - 04;105,61
19.02.2020;04 - 05;107,22
19.02.2020;05 - 06;111,25
19.02.2020;06 - 07;112,36
19.02.2020;07 - 08;114,78
19.02.2020;08 - 09;117,41
19.02.2020;09 - 10;116,4
19.02.2020;10 - 11;115,19
19.02.2020;11 - 12;114,28
19.02.2020;12 - 13;113,07
19.02.2020;13 - 14;112,46
19.02.2020;14 - 15;112,46
19.02.2020;15 - 16;111,66
19.02.2020;16 - 17;112,46
19.02.2020;17 - 18;113,07
19.02.2020;18 - 19;113,27
19.02.2020;19 - 20;112,97
19.02.2020;20 - 21;112,97
19.02.2020;21 - 22;112,57
19.02.2020;22 - 23;111,25
19.02.2020;23 - 00;106,82
20.02.2020;00 - 01;100,37
20.02.2020;01 - 02;98,46
20.02.2020;02 - 03;97,26
20.02.2020;03 - 04;96,76
20.02.2020;04 - 05;97,46
20.02.2020;05 - 06;100,16
20.02.2020;06 - 07;107,68
20.02.2020;07 - 08;109,99
20.02.2020;08 - 09;110,89
20.02.2020;09 - 10;109,89
20.02.2020;10 - 11;108,99
20.02.2020;11 - 12;108,49
20.02.2020;12 - 13;108,09
20.02.2020;13 - 14;107,18
20.02.2020;14 - 15;105,48
20.02.2020;15 - 16;103,47
20.02.2020;16 - 17;102,87
20.02.2020;17 - 18;108,69
20.02.2020;18 - 19;106,48
20.02.2020;19 - 20;101,47
20.02.2020;20 - 21;97,96
20.02.2020;21 - 22;93,25
20.02.2020;22 - 23;88,23
20.02.2020;23 - 00;80,51
21.02.2020;00 - 01;83,14
21.02.2020;01 - 02;76,31
21.02.2020;02 - 03;74
21.02.2020;03 - 04;79,72
21.02.2020;04 - 05;85,05
21.02.2020;05 - 06;88,16
21.02.2020;06 - 07;95,79
21.02.2020;07 - 08;109,55
21.02.2020;08 - 09;110,15
21.02.2020;09 - 10;109,35
21.02.2020;10 - 11;108,34
21.02.2020;11 - 12;105,53
21.02.2020;12 - 13;97,6
21.02.2020;13 - 14;94,38
21.02.2020;14 - 15;91,77
21.02.2020;15 - 16;90,17
21.02.2020;16 - 17;90,57
21.02.2020;17 - 18;94,69
21.02.2020;18 - 19;95,39
21.02.2020;19 - 20;90,77
21.02.2020;20 - 21;87,76
21.02.2020;21 - 22;85,45
21.02.2020;22 - 23;81,43
21.02.2020;23 - 00;71,09
22.02.2020;00 - 01;78,82
22.02.2020;01 - 02;75,4
22.02.2020;02 - 03;74,09
22.02.2020;03 - 04;73,49
22.02.2020;04 - 05;73,39
22.02.2020;05 - 06;74,7
22.02.2020;06 - 07;77,01
22.02.2020;07 - 08;75,2
22.02.2020;08 - 09;77,31
22.02.2020;09 - 10;81,04
22.02.2020;10 - 11;85,97
22.02.2020;11 - 12;86,37
22.02.2020;12 - 13;86,27
22.02.2020;13 - 14;84,06
22.02.2020;14 - 15;80,33
22.02.2020;15 - 16;80,33
22.02.2020;16 - 17;85,87
22.02.2020;17 - 18;90,5
22.02.2020;18 - 19;91,21
22.02.2020;19 - 20;89,19
22.02.2020;20 - 21;79,83
22.02.2020;21 - 22;78,42
22.02.2020;22 - 23;77,31
22.02.2020;23 - 00;76,11
23.02.2020;00 - 01;68,47
23.02.2020;01 - 02;68,97
23.02.2020;02 - 03;66,54
23.02.2020;03 - 04;66,24
23.02.2020;04 - 05;67,05
23.02.2020;05 - 06;70,39
23.02.2020;06 - 07;69,48
23.02.2020;07 - 08;70,8
23.02.2020;08 - 09;73,94
23.02.2020;09 - 10;88,32
23.02.2020;10 - 11;93,18
23.02.2020;11 - 12;91,36
23.02.2020;12 - 13;90,14
23.02.2020;13 - 14;90,75
23.02.2020;14 - 15;89,43
23.02.2020;15 - 16;88,22
23.02.2020;16 - 17;88,62
23.02.2020;17 - 18;101,28
23.02.2020;18 - 19;105,94
23.02.2020;19 - 20;101,69
23.02.2020;20 - 21;89,23
23.02.2020;21 - 22;86,49
23.02.2020;22 - 23;88,42
23.02.2020;23 - 00;82,85
24.02.2020;00 - 01;82,65
24.02.2020;01 - 02;78,09
24.02.2020;02 - 03;80,21
24.02.2020;03 - 04;88,01
24.02.2020;04 - 05;94,8
24.02.2020;05 - 06;105,43
24.02.2020;06 - 07;107,86
24.02.2020;07 - 08;109,89
24.02.2020;08 - 09;110,6
24.02.2020;09 - 10;109,99
24.02.2020;10 - 11;108,67
24.02.2020;11 - 12;107,46
24.02.2020;12 - 13;106,24
24.02.2020;13 - 14;103,51
24.02.2020;14 - 15;103,71
24.02.2020;15 - 16;105,53
24.02.2020;16 - 17;107,26
24.02.2020;17 - 18;108,07
24.02.2020;18 - 19;108,67
24.02.2020;19 - 20;108,27
24.02.2020;20 - 21;107,56
24.02.2020;21 - 22;105,43
24.02.2020;22 - 23;97,53
24.02.2020;23 - 00;93,38
25.02.2020;00 - 01;96,26
25.02.2020;01 - 02;94,03
25.02.2020;02 - 03;92,91
25.02.2020;03 - 04;93,12
25.02.2020;04 - 05;95,75
25.02.2020;05 - 06;101,94
25.02.2020;06 - 07;105,59
25.02.2020;07 - 08;107,11
25.02.2020;08 - 09;108,13
25.02.2020;09 - 10;107,42
25.02.2020;10 - 11;106,81
25.02.2020;11 - 12;106,1
25.02.2020;12 - 13;105,59
25.02.2020;13 - 14;105,29
25.02.2020;14 - 15;105,19
25.02.2020;15 - 16;105,29
25.02.2020;16 - 17;105,79
25.02.2020;17 - 18;106,1
25.02.2020;18 - 19;105,9
25.02.2020;19 - 20;105,49
25.02.2020;20 - 21;105,29
25.02.2020;21 - 22;104,27
25.02.2020;22 - 23;102,14
25.02.2020;23 - 00;97,48
26.02.2020;00 - 01;100,42
26.02.2020;01 - 02;99,81
26.02.2020;02 - 03;99,61
26.02.2020;03 - 04;99,81
26.02.2020;04 - 05;100,32
26.02.2020;05 - 06;102,05
26.02.2020;06 - 07;105,39
26.02.2020;07 - 08;107,12
26.02.2020;08 - 09;110,06
26.02.2020;09 - 10;109,04
26.02.2020;10 - 11;107,83
26.02.2020;11 - 12;106,71
26.02.2020;12 - 13;106,31
26.02.2020;13 - 14;104,07
26.02.2020;14 - 15;104,18
26.02.2020;15 - 16;104,58
26.02.2020;16 - 17;105,19
26.02.2020;17 - 18;105,6
26.02.2020;18 - 19;106,31
26.02.2020;19 - 20;106,31
26.02.2020;20 - 21;106,2
26.02.2020;21 - 22;105,39
26.02.2020;22 - 23;103,87
26.02.2020;23 - 00;102,45
27.02.2020;00 - 01;104,86
27.02.2020;01 - 02;103,73
27.02.2020;02 - 03;103,43
27.02.2020;03 - 04;103,63
27.02.2020;04 - 05;104,55
27.02.2020;05 - 06;108,02
27.02.2020;06 - 07;118,13
27.02.2020;07 - 08;120,17
27.02.2020;08 - 09;121,19
27.02.2020;09 - 10;123,03
27.02.2020;10 - 11;121,09
27.02.2020;11 - 12;119,76
27.02.2020;12 - 13;118,95
27.02.2020;13 - 14;118,23
27.02.2020;14 - 15;118,13
27.02.2020;15 - 16;114,15
27.02.2020;16 - 17;115,78
27.02.2020;17 - 18;117,21
27.02.2020;18 - 19;117,62
27.02.2020;19 - 20;117,31
27.02.2020;20 - 21;116,19
27.02.2020;21 - 22;114,15
27.02.2020;22 - 23;109,25
27.02.2020;23 - 00;106,08
28.02.2020;00 - 01;108,61
28.02.2020;01 - 02;107,79
28.02.2020;02 - 03;107,69
28.02.2020;03 - 04;107,79
28.02.2020;04 - 05;108,41
28.02.2020;05 - 06;110,26
28.02.2020;06 - 07;113,65
28.02.2020;07 - 08;119,3
28.02.2020;08 - 09;120,84
28.02.2020;09 - 10;119,81
28.02.2020;10 - 11;117,14
28.02.2020;11 - 12;114,37
28.02.2020;12 - 13;112,62
28.02.2020;13 - 14;112,11
28.02.2020;14 - 15;111,59
28.02.2020;15 - 16;109,54
28.02.2020;16 - 17;109,85
28.02.2020;17 - 18;110,36
28.02.2020;18 - 19;110,67
28.02.2020;19 - 20;110,05
28.02.2020;20 - 21;109,23
28.02.2020;21 - 22;109,13
28.02.2020;22 - 23;107,69
28.02.2020;23 - 00;106,45
29.02.2020;00 - 01;104,33
29.02.2020;01 - 02;102,97
29.02.2020;02 - 03;101,94
29.02.2020;03 - 04;101,62
29.02.2020;04 - 05;101,62
29.02.2020;05 - 06;102,25
29.02.2020;06 - 07;104,22
29.02.2020;07 - 08;104,12
29.02.2020;08 - 09;105,88
29.02.2020;09 - 10;108,38
29.02.2020;10 - 11;108,69
29.02.2020;11 - 12;108,48
29.02.2020;12 - 13;107,55
29.02.2020;13 - 14;106,4
29.02.2020;14 - 15;105,68
29.02.2020;15 - 16;105,57
29.02.2020;16 - 17;106,61
29.02.2020;17 - 18;107,96
29.02.2020;18 - 19;108,48
29.02.2020;19 - 20;107,34
29.02.2020;20 - 21;105,57
29.02.2020;21 - 22;104,33
29.02.2020;22 - 23;102,77
29.02.2020;23 - 00;98,82
01.03.2020;00 - 01;96,32
01.03.2020;01 - 02;96,52
01.03.2020;02 - 03;94,35
01.03.2020;03 - 04;91,87
01.03.2020;04 - 05;90,22
01.03.2020;05 - 06;91,56
01.03.2020;06 - 07;88,98
01.03.2020;07 - 08;91,98
01.03.2020;08 - 09;97,45
01.03.2020;09 - 10;102
01.03.2020;10 - 11;105,83
01.03.2020;11 - 12;106,14
01.03.2020;12 - 13;104,48
01.03.2020;13 - 14;103,24
01.03.2020;14 - 15;102,72
01.03.2020;15 - 16;102,93
01.03.2020;16 - 17;106,14
01.03.2020;17 - 18;108
01.03.2020;18 - 19;109,44
01.03.2020;19 - 20;109,24
01.03.2020;20 - 21;107,79
01.03.2020;21 - 22;105,62
01.03.2020;22 - 23;102,93
01.03.2020;23 - 00;101,59
02.03.2020;00 - 01;101,9
02.03.2020;01 - 02;100,24
02.03.2020;02 - 03;100,04
02.03.2020;03 - 04;100,45
02.03.2020;04 - 05;101,28
02.03.2020;05 - 06;104,48
02.03.2020;06 - 07;108,41
02.03.2020;07 - 08;110,99
02.03.2020;08 - 09;112,23
02.03.2020;09 - 10;110,79
02.03.2020;10 - 11;109,03
02.03.2020;11 - 12;108,31
02.03.2020;12 - 13;107,69
02.03.2020;13 - 14;107,27
02.03.2020;14 - 15;106,96
02.03.2020;15 - 16;107,69
02.03.2020;16 - 17;108,62
02.03.2020;17 - 18;109,75
02.03.2020;18 - 19;110,37
02.03.2020;19 - 20;109,86
02.03.2020;20 - 21;109,13
02.03.2020;21 - 22;108,2
02.03.2020;22 - 23;105,93
02.03.2020;23 - 00;103,76
03.03.2020;00 - 01;100,74
03.03.2020;01 - 02;98,76
03.03.2020;02 - 03;98,45
03.03.2020;03 - 04;98,45
03.03.2020;04 - 05;98,76
03.03.2020;05 - 06;99,81
03.03.2020;06 - 07;99,39
03.03.2020;07 - 08;103,76
03.03.2020;08 - 09;104,59
03.03.2020;09 - 10;103,66
03.03.2020;10 - 11;103,24
03.03.2020;11 - 12;102,72
03.03.2020;12 - 13;103,66
03.03.2020;13 - 14;103,34
03.03.2020;14 - 15;103,34
03.03.2020;15 - 16;103,86
03.03.2020;16 - 17;104,38
03.03.2020;17 - 18;105,22
03.03.2020;18 - 19;102,93
03.03.2020;19 - 20;106,78
03.03.2020;20 - 21;106,78
03.03.2020;21 - 22;105,22
03.03.2020;22 - 23;103,24
03.03.2020;23 - 00;101,16
04.03.2020;00 - 01;100,28
04.03.2020;01 - 02;99,66
04.03.2020;02 - 03;99,45
04.03.2020;03 - 04;99,56
04.03.2020;04 - 05;100,07
04.03.2020;05 - 06;101,73
04.03.2020;06 - 07;102,04
04.03.2020;07 - 08;104,41
04.03.2020;08 - 09;105,24
04.03.2020;09 - 10;104,62
04.03.2020;10 - 11;103,9
04.03.2020;11 - 12;103,59
04.03.2020;12 - 13;103,38
04.03.2020;13 - 14;102,45
04.03.2020;14 - 15;102,24
04.03.2020;15 - 16;102,04
04.03.2020;16 - 17;102,14
04.03.2020;17 - 18;102,66
04.03.2020;18 - 19;103,17
04.03.2020;19 - 20;105,34
04.03.2020;20 - 21;105,44
04.03.2020;21 - 22;104,52
04.03.2020;22 - 23;103,07
04.03.2020;23 - 00;101,31
05.03.2020;00 - 01;102,29
05.03.2020;01 - 02;101,46
05.03.2020;02 - 03;101,15
05.03.2020;03 - 04;101,46
05.03.2020;04 - 05;102,18
05.03.2020;05 - 06;104,04
05.03.2020;06 - 07;104,45
05.03.2020;07 - 08;109,92
05.03.2020;08 - 09;111,87
05.03.2020;09 - 10;109,81
05.03.2020;10 - 11;107,23
05.03.2020;11 - 12;105,58
05.03.2020;12 - 13;104,14
05.03.2020;13 - 14;102,9
05.03.2020;14 - 15;102,29
05.03.2020;15 - 16;102,29
05.03.2020;16 - 17;103,01
05.03.2020;17 - 18;104,14
05.03.2020;18 - 19;105,28
05.03.2020;19 - 20;108,88
05.03.2020;20 - 21;108,68
05.03.2020;21 - 22;107,34
05.03.2020;22 - 23;106,1
05.03.2020;23 - 00;104,97
06.03.2020;00 - 01;106,49
06.03.2020;01 - 02;104,73
06.03.2020;02 - 03;104,32
06.03.2020;03 - 04;104,53
06.03.2020;04 - 05;105,46
06.03.2020;05 - 06;109,5
06.03.2020;06 - 07;114,57
06.03.2020;07 - 08;144,2
06.03.2020;08 - 09;269,03
06.03.2020;09 - 10;145,03
06.03.2020;10 - 11;124,93
06.03.2020;11 - 12;113,43
06.03.2020;12 - 13;112,19
06.03.2020;13 - 14;110,02
06.03.2020;14 - 15;108,77
06.03.2020;15 - 16;107,12
06.03.2020;16 - 17;107,94
06.03.2020;17 - 18;109,91
06.03.2020;18 - 19;111,88
06.03.2020;19 - 20;111,16
06.03.2020;20 - 21;109,6
06.03.2020;21 - 22;107,63
06.03.2020;22 - 23;106,18
06.03.2020;23 - 00;105,46
07.03.2020;00 - 01;113,46
07.03.2020;01 - 02;109,9
07.03.2020;02 - 03;109,38
07.03.2020;03 - 04;108,96
07.03.2020;04 - 05;109,17
07.03.2020;05 - 06;110,11
07.03.2020;06 - 07;107,7
07.03.2020;07 - 08;108,02
07.03.2020;08 - 09;109,9
07.03.2020;09 - 10;114,51
07.03.2020;10 - 11;111,06
07.03.2020;11 - 12;108,96
07.03.2020;12 - 13;107,28
07.03.2020;13 - 14;106,13
07.03.2020;14 - 15;105,29
07.03.2020;15 - 16;104,98
07.03.2020;16 - 17;105,61
07.03.2020;17 - 18;107,18
07.03.2020;18 - 19;108,75
07.03.2020;19 - 20;108,23
07.03.2020;20 - 21;110,95
07.03.2020;21 - 22;111,37
07.03.2020;22 - 23;108,54
07.03.2020;23 - 00;106,65
08.03.2020;00 - 01;108,56
08.03.2020;01 - 02;105,5
08.03.2020;02 - 03;103,74
08.03.2020;03 - 04;98,81
08.03.2020;04 - 05;94,87
08.03.2020;05 - 06;95,53
08.03.2020;06 - 07;94,98
08.03.2020;07 - 08;100,9
08.03.2020;08 - 09;103,31
08.03.2020;09 - 10;102,76
08.03.2020;10 - 11;104,95
08.03.2020;11 - 12;102,98
08.03.2020;12 - 13;97,83
08.03.2020;13 - 14;92,35
08.03.2020;14 - 15;96,08
08.03.2020;15 - 16;104,73
08.03.2020;16 - 17;106,59
08.03.2020;17 - 18;109,99
08.03.2020;18 - 19;113,27
08.03.2020;19 - 20;113,38
08.03.2020;20 - 21;110,65
08.03.2020;21 - 22;108,67
08.03.2020;22 - 23;105,28
08.03.2020;23 - 00;101,33
09.03.2020;00 - 01;95,75
09.03.2020;01 - 02;95,2
09.03.2020;02 - 03;95,64
09.03.2020;03 - 04;97,61
09.03.2020;04 - 05;100,35
09.03.2020;05 - 06;107,03
09.03.2020;06 - 07;112,29
09.03.2020;07 - 08;117,88
09.03.2020;08 - 09;121,05
09.03.2020;09 - 10;117,44
09.03.2020;10 - 11;115,03
09.03.2020;11 - 12;113,38
09.03.2020;12 - 13;112,07
09.03.2020;13 - 14;111,3
09.03.2020;14 - 15;111,08
09.03.2020;15 - 16;111,85
09.03.2020;16 - 17;112,73
09.03.2020;17 - 18;113,82
09.03.2020;18 - 19;114,7
09.03.2020;19 - 20;114,7
09.03.2020;20 - 21;113,6
09.03.2020;21 - 22;110,97
09.03.2020;22 - 23;108,45
09.03.2020;23 - 00;106,26
10.03.2020;00 - 01;98,6
10.03.2020;01 - 02;97,51
10.03.2020;02 - 03;97,18
10.03.2020;03 - 04;97,18
10.03.2020;04 - 05;97,51
10.03.2020;05 - 06;99,69
10.03.2020;06 - 07;104,47
10.03.2020;07 - 08;110,24
10.03.2020;08 - 09;112,31
10.03.2020;09 - 10;111,11
10.03.2020;10 - 11;109,7
10.03.2020;11 - 12;108,18
10.03.2020;12 - 13;108,94
10.03.2020;13 - 14;108,83
10.03.2020;14 - 15;108,39
10.03.2020;15 - 16;113,94
10.03.2020;16 - 17;114,81
10.03.2020;17 - 18;114,6
10.03.2020;18 - 19;108,72
10.03.2020;19 - 20;106,65
10.03.2020;20 - 21;103,39
10.03.2020;21 - 22;97,4
10.03.2020;22 - 23;95,88
10.03.2020;23 - 00;88,04
11.03.2020;00 - 01;82,64
11.03.2020;01 - 02;81,45
11.03.2020;02 - 03;80,7
11.03.2020;03 - 04;83,82
11.03.2020;04 - 05;89,21
11.03.2020;05 - 06;95,03
11.03.2020;06 - 07;101,06
11.03.2020;07 - 08;104,29
11.03.2020;08 - 09;104,83
11.03.2020;09 - 10;104,83
11.03.2020;10 - 11;103,86
11.03.2020;11 - 12;102,68
11.03.2020;12 - 13;100,84
11.03.2020;13 - 14;99,98
11.03.2020;14 - 15;99,34
11.03.2020;15 - 16;100,63
11.03.2020;16 - 17;102,03
11.03.2020;17 - 18;102,78
11.03.2020;18 - 19;103,11
11.03.2020;19 - 20;103,11
11.03.2020;20 - 21;102,25
11.03.2020;21 - 22;101,28
11.03.2020;22 - 23;96,64
11.03.2020;23 - 00;95,03
12.03.2020;00 - 01;89,92
12.03.2020;01 - 02;88,08
12.03.2020;02 - 03;86,34
12.03.2020;03 - 04;81,35
12.03.2020;04 - 05;77,77
12.03.2020;05 - 06;87,86
12.03.2020;06 - 07;96,1
12.03.2020;07 - 08;102,61
12.03.2020;08 - 09;102,29
12.03.2020;09 - 10;97,51
12.03.2020;10 - 11;95,02
12.03.2020;11 - 12;93,39
12.03.2020;12 - 13;91,98
12.03.2020;13 - 14;90,79
12.03.2020;14 - 15;91,44
12.03.2020;15 - 16;94,59
12.03.2020;16 - 17;95,56
12.03.2020;17 - 18;97,3
12.03.2020;18 - 19;99,14
12.03.2020;19 - 20;98,06
12.03.2020;20 - 21;95,89
12.03.2020;21 - 22;93,28
12.03.2020;22 - 23;90,14
12.03.2020;23 - 00;81,35
13.03.2020;00 - 01;85,9
13.03.2020;01 - 02;79,11
13.03.2020;02 - 03;73,79
13.03.2020;03 - 04;79,68
13.03.2020;04 - 05;84,66
13.03.2020;05 - 06;90,09
13.03.2020;06 - 07;99,6
13.03.2020;07 - 08;104,01
13.03.2020;08 - 09;105,03
13.03.2020;09 - 10;99,37
13.03.2020;10 - 11;95,75
13.03.2020;11 - 12;95,86
13.03.2020;12 - 13;90,66
13.03.2020;13 - 14;89,07
13.03.2020;14 - 15;89,53
13.03.2020;15 - 16;90,32
13.03.2020;16 - 17;94,96
13.03.2020;17 - 18;100,96
13.03.2020;18 - 19;102,09
13.03.2020;19 - 20;102,54
13.03.2020;20 - 21;102,2
13.03.2020;21 - 22;101,86
13.03.2020;22 - 23;101,52
13.03.2020;23 - 00;98,35
14.03.2020;00 - 01;93,77
14.03.2020;01 - 02;93,33
14.03.2020;02 - 03;93,1
14.03.2020;03 - 04;93,22
14.03.2020;04 - 05;93,55
14.03.2020;05 - 06;93,77
14.03.2020;06 - 07;94,33
14.03.2020;07 - 08;94,77
14.03.2020;08 - 09;95,55
14.03.2020;09 - 10;96,44
14.03.2020;10 - 11;96
14.03.2020;11 - 12;94,66
14.03.2020;12 - 13;93,77
14.03.2020;13 - 14;93,22
14.03.2020;14 - 15;92,99
14.03.2020;15 - 16;92,88
14.03.2020;16 - 17;92,99
14.03.2020;17 - 18;93,55
14.03.2020;18 - 19;93,99
14.03.2020;19 - 20;93,66
14.03.2020;20 - 21;92,88
14.03.2020;21 - 22;90,54
14.03.2020;22 - 23;87,54
14.03.2020;23 - 00;83,86
15.03.2020;00 - 01;86,91
15.03.2020;01 - 02;82,25
15.03.2020;02 - 03;76,01
15.03.2020;03 - 04;67,94
15.03.2020;04 - 05;67,83
15.03.2020;05 - 06;62,71
15.03.2020;06 - 07;66,46
15.03.2020;07 - 08;67,83
15.03.2020;08 - 09;73,28
15.03.2020;09 - 10;77,25
15.03.2020;10 - 11;79,07
15.03.2020;11 - 12;78,73
15.03.2020;12 - 13;77,03
15.03.2020;13 - 14;77,6
15.03.2020;14 - 15;77,37
15.03.2020;15 - 16;78,28
15.03.2020;16 - 17;81,34
15.03.2020;17 - 18;90,32
15.03.2020;18 - 19;94,52
15.03.2020;19 - 20;93,27
15.03.2020;20 - 21;90,09
15.03.2020;21 - 22;87,37
15.03.2020;22 - 23;83,28
15.03.2020;23 - 00;75,66
16.03.2020;00 - 01;75,66
16.03.2020;01 - 02;74,64
16.03.2020;02 - 03;76,01
16.03.2020;03 - 04;78,62
16.03.2020;04 - 05;83,16
16.03.2020;05 - 06;89,64
16.03.2020;06 - 07;99,07
16.03.2020;07 - 08;100,32
16.03.2020;08 - 09;101
16.03.2020;09 - 10;99,75
16.03.2020;10 - 11;98,5
16.03.2020;11 - 12;97,36
16.03.2020;12 - 13;99,98
16.03.2020;13 - 14;99,64
16.03.2020;14 - 15;99,86
16.03.2020;15 - 16;97,14
16.03.2020;16 - 17;97,48
16.03.2020;17 - 18;98,05
16.03.2020;18 - 19;98,73
16.03.2020;19 - 20;98,84
16.03.2020;20 - 21;98,61
16.03.2020;21 - 22;96,91
16.03.2020;22 - 23;95,32
16.03.2020;23 - 00;93,27
17.03.2020;00 - 01;85,91
17.03.2020;01 - 02;83,61
17.03.2020;02 - 03;81,67
17.03.2020;03 - 04;80,64
17.03.2020;04 - 05;80,98
17.03.2020;05 - 06;83,61
17.03.2020;06 - 07;87,85
17.03.2020;07 - 08;90,37
17.03.2020;08 - 09;91,17
17.03.2020;09 - 10;91,17
17.03.2020;10 - 11;90,6
17.03.2020;11 - 12;89,8
17.03.2020;12 - 13;88,77
17.03.2020;13 - 14;87,51
17.03.2020;14 - 15;86,59
17.03.2020;15 - 16;85,33
17.03.2020;16 - 17;86,13
17.03.2020;17 - 18;86,59
17.03.2020;18 - 19;88,31
17.03.2020;19 - 20;88,31
17.03.2020;20 - 21;87,28
17.03.2020;21 - 22;85,79
17.03.2020;22 - 23;81,32
17.03.2020;23 - 00;73,99
18.03.2020;00 - 01;68,96
18.03.2020;01 - 02;64,71
18.03.2020;02 - 03;62,76
18.03.2020;03 - 04;64,83
18.03.2020;04 - 05;67,35
18.03.2020;05 - 06;74,01
18.03.2020;06 - 07;81,69
18.03.2020;07 - 08;83,3
18.03.2020;08 - 09;83,65
18.03.2020;09 - 10;83,07
18.03.2020;10 - 11;82,27
18.03.2020;11 - 12;81,69
18.03.2020;12 - 13;82,04
18.03.2020;13 - 14;81,81
18.03.2020;14 - 15;81,81
18.03.2020;15 - 16;81,81
18.03.2020;16 - 17;82,15
18.03.2020;17 - 18;82,61
18.03.2020;18 - 19;83,3
18.03.2020;19 - 20;83,87
18.03.2020;20 - 21;85,94
18.03.2020;21 - 22;85,25
18.03.2020;22 - 23;83,07
18.03.2020;23 - 00;80,89
19.03.2020;00 - 01;75,62
19.03.2020;01 - 02;72,73
19.03.2020;02 - 03;72,38
19.03.2020;03 - 04;73,66
19.03.2020;04 - 05;76,78
19.03.2020;05 - 06;80,36
19.03.2020;06 - 07;83,6
19.03.2020;07 - 08;85,22
19.03.2020;08 - 09;85,57
19.03.2020;09 - 10;83,83
19.03.2020;10 - 11;82,79
19.03.2020;11 - 12;81,63
19.03.2020;12 - 13;81,29
19.03.2020;13 - 14;80,94
19.03.2020;14 - 15;80,83
19.03.2020;15 - 16;81,17
19.03.2020;16 - 17;81,98
19.03.2020;17 - 18;82,68
19.03.2020;18 - 19;83,25
19.03.2020;19 - 20;84,29
19.03.2020;20 - 21;84,41
19.03.2020;21 - 22;84,64
19.03.2020;22 - 23;83,6
19.03.2020;23 - 00;80,83
20.03.2020;00 - 01;86,77
20.03.2020;01 - 02;86,03
20.03.2020;02 - 03;86,15
20.03.2020;03 - 04;86,89
20.03.2020;04 - 05;88,25
20.03.2020;05 - 06;92,08
20.03.2020;06 - 07;99,24
20.03.2020;07 - 08;101,46
20.03.2020;08 - 09;104,05
20.03.2020;09 - 10;102,08
20.03.2020;10 - 11;99,85
20.03.2020;11 - 12;96,4
20.03.2020;12 - 13;93,19
20.03.2020;13 - 14;91,59
20.03.2020;14 - 15;91,09
20.03.2020;15 - 16;90,1
20.03.2020;16 - 17;90,35
20.03.2020;17 - 18;91,46
20.03.2020;18 - 19;94,55
20.03.2020;19 - 20;96,89
20.03.2020;20 - 21;96,28
20.03.2020;21 - 22;93,31
20.03.2020;22 - 23;91,59
20.03.2020;23 - 00;88,38
21.03.2020;00 - 01;90,44
21.03.2020;01 - 02;89,25
21.03.2020;02 - 03;88,9
21.03.2020;03 - 04;89,13
21.03.2020;04 - 05;89,96
21.03.2020;05 - 06;89,73
21.03.2020;06 - 07;88,78
21.03.2020;07 - 08;91,51
21.03.2020;08 - 09;94,47
21.03.2020;09 - 10;96,25
21.03.2020;10 - 11;89,02
21.03.2020;11 - 12;85,1
21.03.2020;12 - 13;84,51
21.03.2020;13 - 14;79,65
21.03.2020;14 - 15;77,99
21.03.2020;15 - 16;80,36
21.03.2020;16 - 17;88,54
21.03.2020;17 - 18;93,88
21.03.2020;18 - 19;94,71
21.03.2020;19 - 20;96,84
21.03.2020;20 - 21;95,54
21.03.2020;21 - 22;93,99
21.03.2020;22 - 23;92,33
21.03.2020;23 - 00;90,79
22.03.2020;00 - 01;94,85
22.03.2020;01 - 02;94,85
22.03.2020;02 - 03;89,55
22.03.2020;03 - 04;80,83
22.03.2020;04 - 05;76,92
22.03.2020;05 - 06;78,81
22.03.2020;06 - 07;76,54
22.03.2020;07 - 08;73,51
22.03.2020;08 - 09;77,93
22.03.2020;09 - 10;78,56
22.03.2020;10 - 11;75,27
22.03.2020;11 - 12;73,76
22.03.2020;12 - 13;72,37
22.03.2020;13 - 14;70,85
22.03.2020;14 - 15;70,22
22.03.2020;15 - 16;72,24
22.03.2020;16 - 17;77,42
22.03.2020;17 - 18;90,05
22.03.2020;18 - 19;100,41
22.03.2020;19 - 20;101,29
22.03.2020;20 - 21;100,41
22.03.2020;21 - 22;98,64
22.03.2020;22 - 23;94,85
22.03.2020;23 - 00;90,56
23.03.2020;00 - 01;88,16
23.03.2020;01 - 02;85,51
23.03.2020;02 - 03;85,51
23.03.2020;03 - 04;87,78
23.03.2020;04 - 05;90,43
23.03.2020;05 - 06;94,73
23.03.2020;06 - 07;98,89
23.03.2020;07 - 08;102,43
23.03.2020;08 - 09;104,2
23.03.2020;09 - 10;104,2
23.03.2020;10 - 11;102,68
23.03.2020;11 - 12;101,04
23.03.2020;12 - 13;99,65
23.03.2020;13 - 14;98,51
23.03.2020;14 - 15;97,88
23.03.2020;15 - 16;96,75
23.03.2020;16 - 17;96,75
23.03.2020;17 - 18;98,39
23.03.2020;18 - 19;99,15
23.03.2020;19 - 20;99,9
23.03.2020;20 - 21;101,04
23.03.2020;21 - 22;96,11
23.03.2020;22 - 23;90,43
23.03.2020;23 - 00;85,25
24.03.2020;00 - 01;75,7
24.03.2020;01 - 02;72,99
24.03.2020;02 - 03;71,15
24.03.2020;03 - 04;72,01
24.03.2020;04 - 05;75,57
24.03.2020;05 - 06;81,6
24.03.2020;06 - 07;89,95
24.03.2020;07 - 08;97,69
24.03.2020;08 - 09;97,69
24.03.2020;09 - 10;93,39
24.03.2020;10 - 11;89,83
24.03.2020;11 - 12;87
24.03.2020;12 - 13;85,41
24.03.2020;13 - 14;84,05
24.03.2020;14 - 15;84,05
24.03.2020;15 - 16;84,42
24.03.2020;16 - 17;86,02
24.03.2020;17 - 18;89,71
24.03.2020;18 - 19;93,27
24.03.2020;19 - 20;94,25
24.03.2020;20 - 21;90,81
24.03.2020;21 - 22;86,02
24.03.2020;22 - 23;80,37
24.03.2020;23 - 00;73,36
25.03.2020;00 - 01;69,04
25.03.2020;01 - 02;65,93
25.03.2020;02 - 03;63,53
25.03.2020;03 - 04;65,45
25.03.2020;04 - 05;68,8
25.03.2020;05 - 06;72,99
25.03.2020;06 - 07;80,05
25.03.2020;07 - 08;88,06
25.03.2020;08 - 09;89,02
25.03.2020;09 - 10;87,94
25.03.2020;10 - 11;85,55
25.03.2020;11 - 12;83,16
25.03.2020;12 - 13;81,48
25.03.2020;13 - 14;80,29
25.03.2020;14 - 15;80,05
25.03.2020;15 - 16;80,29
25.03.2020;16 - 17;81,6
25.03.2020;17 - 18;84,35
25.03.2020;18 - 19;88,42
25.03.2020;19 - 20;89,14
25.03.2020;20 - 21;84,95
25.03.2020;21 - 22;82,8
25.03.2020;22 - 23;80,52
25.03.2020;23 - 00;77,17
26.03.2020;00 - 01;72,38
26.03.2020;01 - 02;72,85
26.03.2020;02 - 03;73,44
26.03.2020;03 - 04;74,73
26.03.2020;04 - 05;76,14
26.03.2020;05 - 06;77,44
26.03.2020;06 - 07;80,73
26.03.2020;07 - 08;83,91
26.03.2020;08 - 09;83,32
26.03.2020;09 - 10;81,91
26.03.2020;10 - 11;81,09
26.03.2020;11 - 12;79,79
26.03.2020;12 - 13;78,73
26.03.2020;13 - 14;77,44
26.03.2020;14 - 15;76,61
26.03.2020;15 - 16;76,97
26.03.2020;16 - 17;77,67
26.03.2020;17 - 18;80,03
26.03.2020;18 - 19;81,79
26.03.2020;19 - 20;82,26
26.03.2020;20 - 21;83,21
26.03.2020;21 - 22;81,68
26.03.2020;22 - 23;77,56
26.03.2020;23 - 00;73,91
27.03.2020;00 - 01;67,99
27.03.2020;01 - 02;66,25
27.03.2020;02 - 03;66,02
27.03.2020;03 - 04;66,95
27.03.2020;04 - 05;68,92
27.03.2020;05 - 06;71,25
27.03.2020;06 - 07;74,74
27.03.2020;07 - 08;79,62
27.03.2020;08 - 09;80,43
27.03.2020;09 - 10;78,34
27.03.2020;10 - 11;76,36
27.03.2020;11 - 12;75,55
27.03.2020;12 - 13;74,5
27.03.2020;13 - 14;72,76
27.03.2020;14 - 15;71,37
27.03.2020;15 - 16;70,55
27.03.2020;16 - 17;70,67
27.03.2020;17 - 18;71,37
27.03.2020;18 - 19;72,41
27.03.2020;19 - 20;73,11
27.03.2020;20 - 21;72,18
27.03.2020;21 - 22;70,2
27.03.2020;22 - 23;67,3
27.03.2020;23 - 00;64,97
28.03.2020;00 - 01;64,12
28.03.2020;01 - 02;62,49
28.03.2020;02 - 03;61,68
28.03.2020;03 - 04;61,68
28.03.2020;04 - 05;62,37
28.03.2020;05 - 06;62,61
28.03.2020;06 - 07;63,65
28.03.2020;07 - 08;65,63
28.03.2020;08 - 09;68,43
28.03.2020;09 - 10;68,66
28.03.2020;10 - 11;66,56
28.03.2020;11 - 12;61,79
28.03.2020;12 - 13;58,07
28.03.2020;13 - 14;47,71
28.03.2020;14 - 15;46,2
28.03.2020;15 - 16;49,11
28.03.2020;16 - 17;58,77
28.03.2020;17 - 18;64,59
28.03.2020;18 - 19;67,73
28.03.2020;19 - 20;67,03
28.03.2020;20 - 21;63,42
28.03.2020;21 - 22;60,51
28.03.2020;22 - 23;58,88
28.03.2020;23 - 00;57,14
29.03.2020;00 - 01;53,31
29.03.2020;01 - 02;52,14
29.03.2020;02 - 03;
29.03.2020;03 - 04;48,26
29.03.2020;04 - 05;43,21
29.03.2020;05 - 06;40,75
29.03.2020;06 - 07;44,39
29.03.2020;07 - 08;46,5
29.03.2020;08 - 09;51,2
29.03.2020;09 - 10;55,07
29.03.2020;10 - 11;56,6
29.03.2020;11 - 12;57,3
29.03.2020;12 - 13;56,83
29.03.2020;13 - 14;57,77
29.03.2020;14 - 15;57,07
29.03.2020;15 - 16;57,77
29.03.2020;16 - 17;58,6
29.03.2020;17 - 18;60,24
29.03.2020;18 - 19;64,82
29.03.2020;19 - 20;73,98
29.03.2020;20 - 21;77,27
29.03.2020;21 - 22;75,5
29.03.2020;22 - 23;73,39
29.03.2020;23 - 00;68,81
30.03.2020;00 - 01;64,82
30.03.2020;01 - 02;64,58
30.03.2020;02 - 03;64,58
30.03.2020;03 - 04;64,94
30.03.2020;04 - 05;65,17
30.03.2020;05 - 06;67,87
30.03.2020;06 - 07;72,45
30.03.2020;07 - 08;79,73
30.03.2020;08 - 09;88,54
30.03.2020;09 - 10;90,89
30.03.2020;10 - 11;88,54
30.03.2020;11 - 12;79,38
30.03.2020;12 - 13;77,03
30.03.2020;13 - 14;74,68
30.03.2020;14 - 15;72,1
30.03.2020;15 - 16;72,57
30.03.2020;16 - 17;74,33
30.03.2020;17 - 18;76,44
30.03.2020;18 - 19;79,61
30.03.2020;19 - 20;80,2
30.03.2020;20 - 21;83,84
30.03.2020;21 - 22;80,08
30.03.2020;22 - 23;72,33
30.03.2020;23 - 00;67,64
31.03.2020;00 - 01;63,52
31.03.2020;01 - 02;61,76
31.03.2020;02 - 03;60,35
31.03.2020;03 - 04;59,77
31.03.2020;04 - 05;60,47
31.03.2020;05 - 06;61,88
31.03.2020;06 - 07;63,41
31.03.2020;07 - 08;69,98
31.03.2020;08 - 09;77,97
31.03.2020;09 - 10;69,86
31.03.2020;10 - 11;64,82
31.03.2020;11 - 12;62,94
31.03.2020;12 - 13;62,47
31.03.2020;13 - 14;60,71
31.03.2020;14 - 15;58,59
31.03.2020;15 - 16;57,77
31.03.2020;16 - 17;57,42
31.03.2020;17 - 18;58,01
31.03.2020;18 - 19;58,48
31.03.2020;19 - 20;59,18
31.03.2020;20 - 21;60
31.03.2020;21 - 22;58,83
31.03.2020;22 - 23;56,71
31.03.2020;23 - 00;53,66
01.04.2020;00 - 01;48,69
01.04.2020;01 - 02;48,92
01.04.2020;02 - 03;49,38
01.04.2020;03 - 04;50,52
01.04.2020;04 - 05;51,9
01.04.2020;05 - 06;54,07
01.04.2020;06 - 07;56,82
01.04.2020;07 - 08;61,29
01.04.2020;08 - 09;63,7
01.04.2020;09 - 10;63,81
01.04.2020;10 - 11;62,55
01.04.2020;11 - 12;60,83
01.04.2020;12 - 13;60,03
01.04.2020;13 - 14;59,34
01.04.2020;14 - 15;59
01.04.2020;15 - 16;58,31
01.04.2020;16 - 17;57,05
01.04.2020;17 - 18;57,17
01.04.2020;18 - 19;58,31
01.04.2020;19 - 20;58,77
01.04.2020;20 - 21;58,65
01.04.2020;21 - 22;56,71
01.04.2020;22 - 23;54,42
01.04.2020;23 - 00;51,78
02.04.2020;00 - 01;48,15
02.04.2020;01 - 02;47,24
02.04.2020;02 - 03;47,24
02.04.2020;03 - 04;48,27
02.04.2020;04 - 05;49,86
02.04.2020;05 - 06;51,91
02.04.2020;06 - 07;54,64
02.04.2020;07 - 08;57,6
02.04.2020;08 - 09;57,94
02.04.2020;09 - 10;56,46
02.04.2020;10 - 11;55,21
02.04.2020;11 - 12;53,73
02.04.2020;12 - 13;53,05
02.04.2020;13 - 14;52,48
02.04.2020;14 - 15;51,57
02.04.2020;15 - 16;51,34
02.04.2020;16 - 17;51,46
02.04.2020;17 - 18;51,91
02.04.2020;18 - 19;52,14
02.04.2020;19 - 20;52,59
02.04.2020;20 - 21;52,82
02.04.2020;21 - 22;52,02
02.04.2020;22 - 23;50,66
02.04.2020;23 - 00;47,7
03.04.2020;00 - 01;38,43
03.04.2020;01 - 02;37,65
03.04.2020;02 - 03;37,42
03.04.2020;03 - 04;37,87
03.04.2020;04 - 05;38,88
03.04.2020;05 - 06;41,93
03.04.2020;06 - 07;45,31
03.04.2020;07 - 08;49,25
03.04.2020;08 - 09;50,72
03.04.2020;09 - 10;49,71
03.04.2020;10 - 11;48,47
03.04.2020;11 - 12;47,45
03.04.2020;12 - 13;46,55
03.04.2020;13 - 14;45,87
03.04.2020;14 - 15;44,97
03.04.2020;15 - 16;44,07
03.04.2020;16 - 17;44,97
03.04.2020;17 - 18;46,66
03.04.2020;18 - 19;48,69
03.04.2020;19 - 20;50,49
03.04.2020;20 - 21;51,28
03.04.2020;21 - 22;50,49
03.04.2020;22 - 23;49,71
03.04.2020;23 - 00;48,35
04.04.2020;00 - 01;49,86
04.04.2020;01 - 02;49,74
04.04.2020;02 - 03;49,41
04.04.2020;03 - 04;49,63
04.04.2020;04 - 05;50,2
04.04.2020;05 - 06;50,87
04.04.2020;06 - 07;51,44
04.04.2020;07 - 08;52,56
04.04.2020;08 - 09;53,47
04.04.2020;09 - 10;53,35
04.04.2020;10 - 11;53,13
04.04.2020;11 - 12;52,23
04.04.2020;12 - 13;51,1
04.04.2020;13 - 14;49,86
04.04.2020;14 - 15;48,96
04.04.2020;15 - 16;48,62
04.04.2020;16 - 17;49,41
04.04.2020;17 - 18;50,99
04.04.2020;18 - 19;51,89
04.04.2020;19 - 20;52,23
04.04.2020;20 - 21;52
04.04.2020;21 - 22;51,44
04.04.2020;22 - 23;51,1
04.04.2020;23 - 00;50,53
05.04.2020;00 - 01;52,88
05.04.2020;01 - 02;52,42
05.04.2020;02 - 03;52,08
05.04.2020;03 - 04;51,97
05.04.2020;04 - 05;51,97
05.04.2020;05 - 06;52,08
05.04.2020;06 - 07;51,97
05.04.2020;07 - 08;52,31
05.04.2020;08 - 09;52,88
05.04.2020;09 - 10;51,62
05.04.2020;10 - 11;48,44
05.04.2020;11 - 12;43,78
05.04.2020;12 - 13;40,59
05.04.2020;13 - 14;39,91
05.04.2020;14 - 15;39,91
05.04.2020;15 - 16;41,85
05.04.2020;16 - 17;44,57
05.04.2020;17 - 18;49,69
05.04.2020;18 - 19;52,88
05.04.2020;19 - 20;53,22
05.04.2020;20 - 21;52,99
05.04.2020;21 - 22;52,31
05.04.2020;22 - 23;51,74
05.04.2020;23 - 00;49,24
06.04.2020;00 - 01;46,96
06.04.2020;01 - 02;45,37
06.04.2020;02 - 03;45,94
06.04.2020;03 - 04;42,07
06.04.2020;04 - 05;41,62
06.04.2020;05 - 06;49,69
06.04.2020;06 - 07;53,1
06.04.2020;07 - 08;53,9
06.04.2020;08 - 09;54,92
06.04.2020;09 - 10;54,47
06.04.2020;10 - 11;53,78
06.04.2020;11 - 12;52,42
06.04.2020;12 - 13;51,85
06.04.2020;13 - 14;51,51
06.04.2020;14 - 15;50,37
06.04.2020;15 - 16;49,58
06.04.2020;16 - 17;49,24
06.04.2020;17 - 18;49,92
06.04.2020;18 - 19;50,03
06.04.2020;19 - 20;50,37
06.04.2020;20 - 21;50,94
06.04.2020;21 - 22;50,71
06.04.2020;22 - 23;48,67
06.04.2020;23 - 00;46,05
07.04.2020;00 - 01;43,72
07.04.2020;01 - 02;43,04
07.04.2020;02 - 03;42,81
07.04.2020;03 - 04;44,06
07.04.2020;04 - 05;45,42
07.04.2020;05 - 06;47,92
07.04.2020;06 - 07;53,49
07.04.2020;07 - 08;54,17
07.04.2020;08 - 09;55,19
07.04.2020;09 - 10;54,85
07.04.2020;10 - 11;54,05
07.04.2020;11 - 12;53,03
07.04.2020;12 - 13;52,58
07.04.2020;13 - 14;52,01
07.04.2020;14 - 15;51,56
07.04.2020;15 - 16;51,56
07.04.2020;16 - 17;51,56
07.04.2020;17 - 18;50,31
07.04.2020;18 - 19;51,33
07.04.2020;19 - 20;52,24
07.04.2020;20 - 21;52,58
07.04.2020;21 - 22;51,67
07.04.2020;22 - 23;50,99
07.04.2020;23 - 00;47,35
08.04.2020;00 - 01;48,7
08.04.2020;01 - 02;47,25
08.04.2020;02 - 03;46,58
08.04.2020;03 - 04;46,7
08.04.2020;04 - 05;47,7
08.04.2020;05 - 06;50,25
08.04.2020;06 - 07;53,03
08.04.2020;07 - 08;54,37
08.04.2020;08 - 09;55,15
08.04.2020;09 - 10;54,81
08.04.2020;10 - 11;54,59
08.04.2020;11 - 12;53,81
08.04.2020;12 - 13;53,03
08.04.2020;13 - 14;51,7
08.04.2020;14 - 15;50,92
08.04.2020;15 - 16;50,25
08.04.2020;16 - 17;50,03
08.04.2020;17 - 18;50,14
08.04.2020;18 - 19;50,03
08.04.2020;19 - 20;50,7
08.04.2020;20 - 21;51,25
08.04.2020;21 - 22;50,36
08.04.2020;22 - 23;48,36
08.04.2020;23 - 00;45,58
09.04.2020;00 - 01;47,71
09.04.2020;01 - 02;46,82
09.04.2020;02 - 03;46,37
09.04.2020;03 - 04;46,82
09.04.2020;04 - 05;48,39
09.04.2020;05 - 06;51,53
09.04.2020;06 - 07;53,55
09.04.2020;07 - 08;54,45
09.04.2020;08 - 09;54,9
09.04.2020;09 - 10;54,68
09.04.2020;10 - 11;54,56
09.04.2020;11 - 12;52,99
09.04.2020;12 - 13;52,09
09.04.2020;13 - 14;51,31
09.04.2020;14 - 15;50,52
09.04.2020;15 - 16;49,85
09.04.2020;16 - 17;50,41
09.04.2020;17 - 18;52,54
09.04.2020;18 - 19;53,33
09.04.2020;19 - 20;54,11
09.04.2020;20 - 21;54,9
09.04.2020;21 - 22;55,24
09.04.2020;22 - 23;55,46
09.04.2020;23 - 00;53,44
10.04.2020;00 - 01;53,13
10.04.2020;01 - 02;52,68
10.04.2020;02 - 03;52,68
10.04.2020;03 - 04;53,35
10.04.2020;04 - 05;54,13
10.04.2020;05 - 06;55,02
10.04.2020;06 - 07;55,02
10.04.2020;07 - 08;55,46
10.04.2020;08 - 09;56,02
10.04.2020;09 - 10;56,13
10.04.2020;10 - 11;56,13
10.04.2020;11 - 12;55,69
10.04.2020;12 - 13;55,46
10.04.2020;13 - 14;55,13
10.04.2020;14 - 15;54,91
10.04.2020;15 - 16;54,91
10.04.2020;16 - 17;54,8
10.04.2020;17 - 18;55,02
10.04.2020;18 - 19;55,13
10.04.2020;19 - 20;55,46
10.04.2020;20 - 21;55,91
10.04.2020;21 - 22;55,91
10.04.2020;22 - 23;55,8
10.04.2020;23 - 00;55,24
11.04.2020;00 - 01;55,24
11.04.2020;01 - 02;54,91
11.04.2020;02 - 03;54,8
11.04.2020;03 - 04;54,91
11.04.2020;04 - 05;55,13
11.04.2020;05 - 06;55,57
11.04.2020;06 - 07;55,35
11.04.2020;07 - 08;55,57
11.04.2020;08 - 09;55,91
11.04.2020;09 - 10;55,69
11.04.2020;10 - 11;55,8
11.04.2020;11 - 12;55,46
11.04.2020;12 - 13;55,24
11.04.2020;13 - 14;55,02
11.04.2020;14 - 15;54,8
11.04.2020;15 - 16;54,8
11.04.2020;16 - 17;55,02
11.04.2020;17 - 18;55,35
11.04.2020;18 - 19;56,02
11.04.2020;19 - 20;55,57
11.04.2020;20 - 21;55,91
11.04.2020;21 - 22;54,8
11.04.2020;22 - 23;52,8
11.04.2020;23 - 00;51,13
12.04.2020;00 - 01;48,91
12.04.2020;01 - 02;47,02
12.04.2020;02 - 03;45,68
12.04.2020;03 - 04;45,79
12.04.2020;04 - 05;46,46
12.04.2020;05 - 06;46,9
12.04.2020;06 - 07;46,46
12.04.2020;07 - 08;47,24
12.04.2020;08 - 09;49,79
12.04.2020;09 - 10;50,91
12.04.2020;10 - 11;49,79
12.04.2020;11 - 12;46,68
12.04.2020;12 - 13;42,24
12.04.2020;13 - 14;33,01
12.04.2020;14 - 15;24,01
12.04.2020;15 - 16;24,67
12.04.2020;16 - 17;33,34
12.04.2020;17 - 18;40,79
12.04.2020;18 - 19;44,79
12.04.2020;19 - 20;45,57
12.04.2020;20 - 21;46,79
12.04.2020;21 - 22;47,79
12.04.2020;22 - 23;42,46
12.04.2020;23 - 00;38,12
