Fra,Til,KWH 60 Forbruk
01.08.2021 00:00,01.08.2021 01:00,"0,117"
01.08.2021 01:00,01.08.2021 02:00,"0,118"
01.08.2021 02:00,01.08.2021 03:00,"0,979"
01.08.2021 03:00,01.08.2021 04:00,"0,178"
01.08.2021 04:00,01.08.2021 05:00,"0,169"
01.08.2021 05:00,01.08.2021 06:00,"0,183"
01.08.2021 06:00,01.08.2021 07:00,"1,266"
01.08.2021 07:00,01.08.2021 08:00,"0,541"
01.08.2021 08:00,01.08.2021 09:00,"0,504"
01.08.2021 09:00,01.08.2021 10:00,"1,689"
01.08.2021 10:00,01.08.2021 11:00,"1,555"
01.08.2021 11:00,01.08.2021 12:00,"2,02"
01.08.2021 12:00,01.08.2021 13:00,"0,553"
01.08.2021 13:00,01.08.2021 14:00,"0,661"
01.08.2021 14:00,01.08.2021 15:00,"1,296"
01.08.2021 15:00,01.08.2021 16:00,"1,165"
01.08.2021 16:00,01.08.2021 17:00,1
01.08.2021 17:00,01.08.2021 18:00,"0,436"
01.08.2021 18:00,01.08.2021 19:00,"0,996"
01.08.2021 19:00,01.08.2021 20:00,"1,215"
01.08.2021 20:00,01.08.2021 21:00,"0,849"
01.08.2021 21:00,01.08.2021 22:00,"1,292"
01.08.2021 22:00,01.08.2021 23:00,"0,417"
01.08.2021 23:00,02.08.2021 00:00,"0,681"
02.08.2021 00:00,02.08.2021 01:00,"0,895"
02.08.2021 01:00,02.08.2021 02:00,"0,136"
02.08.2021 02:00,02.08.2021 03:00,"0,144"
02.08.2021 03:00,02.08.2021 04:00,"0,191"
02.08.2021 04:00,02.08.2021 05:00,"1,016"
02.08.2021 05:00,02.08.2021 06:00,"0,179"
02.08.2021 06:00,02.08.2021 07:00,"0,477"
02.08.2021 07:00,02.08.2021 08:00,"0,421"
02.08.2021 08:00,02.08.2021 09:00,"1,326"
02.08.2021 09:00,02.08.2021 10:00,"0,748"
02.08.2021 10:00,02.08.2021 11:00,"1,155"
02.08.2021 11:00,02.08.2021 12:00,"1,39"
02.08.2021 12:00,02.08.2021 13:00,"0,977"
02.08.2021 13:00,02.08.2021 14:00,"0,242"
02.08.2021 14:00,02.08.2021 15:00,"0,762"
02.08.2021 15:00,02.08.2021 16:00,"0,649"
02.08.2021 16:00,02.08.2021 17:00,"0,801"
02.08.2021 17:00,02.08.2021 18:00,"1,154"
02.08.2021 18:00,02.08.2021 19:00,"0,331"
02.08.2021 19:00,02.08.2021 20:00,"0,288"
02.08.2021 20:00,02.08.2021 21:00,"1,049"
02.08.2021 21:00,02.08.2021 22:00,"1,498"
02.08.2021 22:00,02.08.2021 23:00,"1,056"
02.08.2021 23:00,03.08.2021 00:00,"0,323"
03.08.2021 00:00,03.08.2021 01:00,"0,988"
03.08.2021 01:00,03.08.2021 02:00,"0,182"
03.08.2021 02:00,03.08.2021 03:00,"0,219"
03.08.2021 03:00,03.08.2021 04:00,"0,263"
03.08.2021 04:00,03.08.2021 05:00,"0,96"
03.08.2021 05:00,03.08.2021 06:00,"0,213"
03.08.2021 06:00,03.08.2021 07:00,"0,23"
03.08.2021 07:00,03.08.2021 08:00,"0,922"
03.08.2021 08:00,03.08.2021 09:00,"2,324"
03.08.2021 09:00,03.08.2021 10:00,"1,14"
03.08.2021 10:00,03.08.2021 11:00,"2,097"
03.08.2021 11:00,03.08.2021 12:00,"1,898"
03.08.2021 12:00,03.08.2021 13:00,"0,498"
03.08.2021 13:00,03.08.2021 14:00,"1,128"
03.08.2021 14:00,03.08.2021 15:00,"0,562"
03.08.2021 15:00,03.08.2021 16:00,"0,371"
03.08.2021 16:00,03.08.2021 17:00,"1,356"
03.08.2021 17:00,03.08.2021 18:00,"1,714"
03.08.2021 18:00,03.08.2021 19:00,"0,487"
03.08.2021 19:00,03.08.2021 20:00,"1,428"
03.08.2021 20:00,03.08.2021 21:00,"0,383"
03.08.2021 21:00,03.08.2021 22:00,"1,23"
03.08.2021 22:00,03.08.2021 23:00,"0,405"
03.08.2021 23:00,04.08.2021 00:00,"0,186"
04.08.2021 00:00,04.08.2021 01:00,"0,361"
04.08.2021 01:00,04.08.2021 02:00,"0,631"
04.08.2021 02:00,04.08.2021 03:00,"0,206"
04.08.2021 03:00,04.08.2021 04:00,"0,166"
04.08.2021 04:00,04.08.2021 05:00,"1,102"
04.08.2021 05:00,04.08.2021 06:00,"0,222"
04.08.2021 06:00,04.08.2021 07:00,"0,3"
04.08.2021 07:00,04.08.2021 08:00,"1,305"
04.08.2021 08:00,04.08.2021 09:00,"0,506"
04.08.2021 09:00,04.08.2021 10:00,"0,793"
04.08.2021 10:00,04.08.2021 11:00,"1,599"
04.08.2021 11:00,04.08.2021 12:00,"1,838"
04.08.2021 12:00,04.08.2021 13:00,"2,26"
04.08.2021 13:00,04.08.2021 14:00,"0,461"
04.08.2021 14:00,04.08.2021 15:00,"0,378"
04.08.2021 15:00,04.08.2021 16:00,"1,687"
04.08.2021 16:00,04.08.2021 17:00,"0,861"
04.08.2021 17:00,04.08.2021 18:00,"0,468"
04.08.2021 18:00,04.08.2021 19:00,"0,834"
04.08.2021 19:00,04.08.2021 20:00,"1,023"
04.08.2021 20:00,04.08.2021 21:00,"0,404"
04.08.2021 21:00,04.08.2021 22:00,"0,383"
04.08.2021 22:00,04.08.2021 23:00,"1,353"
04.08.2021 23:00,05.08.2021 00:00,"0,182"
05.08.2021 00:00,05.08.2021 01:00,"0,114"
05.08.2021 01:00,05.08.2021 02:00,"0,116"
05.08.2021 02:00,05.08.2021 03:00,"0,91"
05.08.2021 03:00,05.08.2021 04:00,"0,178"
05.08.2021 04:00,05.08.2021 05:00,"0,144"
05.08.2021 05:00,05.08.2021 06:00,"0,151"
05.08.2021 06:00,05.08.2021 07:00,"1,021"
05.08.2021 07:00,05.08.2021 08:00,"0,639"
05.08.2021 08:00,05.08.2021 09:00,"1,377"
05.08.2021 09:00,05.08.2021 10:00,"1,792"
05.08.2021 10:00,05.08.2021 11:00,"0,875"
05.08.2021 11:00,05.08.2021 12:00,"0,385"
05.08.2021 12:00,05.08.2021 13:00,"1,379"
05.08.2021 13:00,05.08.2021 14:00,"0,776"
05.08.2021 14:00,05.08.2021 15:00,"0,839"
05.08.2021 15:00,05.08.2021 16:00,"1,123"
05.08.2021 16:00,05.08.2021 17:00,"0,751"
05.08.2021 17:00,05.08.2021 18:00,"1,627"
05.08.2021 18:00,05.08.2021 19:00,"0,828"
05.08.2021 19:00,05.08.2021 20:00,"1,961"
05.08.2021 20:00,05.08.2021 21:00,"0,198"
05.08.2021 21:00,05.08.2021 22:00,"1,455"
05.08.2021 22:00,05.08.2021 23:00,"0,5"
05.08.2021 23:00,06.08.2021 00:00,"0,173"
06.08.2021 00:00,06.08.2021 01:00,"0,114"
06.08.2021 01:00,06.08.2021 02:00,"0,976"
06.08.2021 02:00,06.08.2021 03:00,"0,109"
06.08.2021 03:00,06.08.2021 04:00,"0,124"
06.08.2021 04:00,06.08.2021 05:00,"0,141"
06.08.2021 05:00,06.08.2021 06:00,"0,921"
06.08.2021 06:00,06.08.2021 07:00,"0,279"
06.08.2021 07:00,06.08.2021 08:00,"0,59"
06.08.2021 08:00,06.08.2021 09:00,"0,637"
06.08.2021 09:00,06.08.2021 10:00,"0,705"
06.08.2021 10:00,06.08.2021 11:00,"0,414"
06.08.2021 11:00,06.08.2021 12:00,"0,599"
06.08.2021 12:00,06.08.2021 13:00,"1,366"
06.08.2021 13:00,06.08.2021 14:00,"0,15"
06.08.2021 14:00,06.08.2021 15:00,"0,121"
06.08.2021 15:00,06.08.2021 16:00,"0,998"
06.08.2021 16:00,06.08.2021 17:00,"1,066"
06.08.2021 17:00,06.08.2021 18:00,"0,698"
06.08.2021 18:00,06.08.2021 19:00,"0,529"
06.08.2021 19:00,06.08.2021 20:00,"0,835"
06.08.2021 20:00,06.08.2021 21:00,"0,606"
06.08.2021 21:00,06.08.2021 22:00,"0,404"
06.08.2021 22:00,06.08.2021 23:00,"0,465"
06.08.2021 23:00,07.08.2021 00:00,"0,873"
07.08.2021 00:00,07.08.2021 01:00,"0,106"
07.08.2021 01:00,07.08.2021 02:00,"0,108"
07.08.2021 02:00,07.08.2021 03:00,"0,126"
07.08.2021 03:00,07.08.2021 04:00,"0,953"
07.08.2021 04:00,07.08.2021 05:00,"0,153"
07.08.2021 05:00,07.08.2021 06:00,"0,133"
07.08.2021 06:00,07.08.2021 07:00,"0,112"
07.08.2021 07:00,07.08.2021 08:00,"0,59"
07.08.2021 08:00,07.08.2021 09:00,"1,019"
07.08.2021 09:00,07.08.2021 10:00,"0,462"
07.08.2021 10:00,07.08.2021 11:00,"0,971"
07.08.2021 11:00,07.08.2021 12:00,"0,503"
07.08.2021 12:00,07.08.2021 13:00,"0,732"
07.08.2021 13:00,07.08.2021 14:00,"0,556"
07.08.2021 14:00,07.08.2021 15:00,"1,788"
07.08.2021 15:00,07.08.2021 16:00,"1,977"
07.08.2021 16:00,07.08.2021 17:00,"0,873"
07.08.2021 17:00,07.08.2021 18:00,"2,294"
07.08.2021 18:00,07.08.2021 19:00,"0,76"
07.08.2021 19:00,07.08.2021 20:00,"0,396"
07.08.2021 20:00,07.08.2021 21:00,"1,349"
07.08.2021 21:00,07.08.2021 22:00,"0,754"
07.08.2021 22:00,07.08.2021 23:00,"0,692"
07.08.2021 23:00,08.08.2021 00:00,"1,216"
08.08.2021 00:00,08.08.2021 01:00,"0,127"
08.08.2021 01:00,08.08.2021 02:00,"0,157"
08.08.2021 02:00,08.08.2021 03:00,"0,178"
08.08.2021 03:00,08.08.2021 04:00,"0,958"
08.08.2021 04:00,08.08.2021 05:00,"0,162"
08.08.2021 05:00,08.08.2021 06:00,"0,188"
08.08.2021 06:00,08.08.2021 07:00,"0,162"
08.08.2021 07:00,08.08.2021 08:00,"0,856"
08.08.2021 08:00,08.08.2021 09:00,"0,879"
08.08.2021 09:00,08.08.2021 10:00,"0,511"
08.08.2021 10:00,08.08.2021 11:00,"0,701"
08.08.2021 11:00,08.08.2021 12:00,"1,416"
08.08.2021 12:00,08.08.2021 13:00,"1,337"
08.08.2021 13:00,08.08.2021 14:00,"1,272"
08.08.2021 14:00,08.08.2021 15:00,"0,623"
08.08.2021 15:00,08.08.2021 16:00,"0,458"
08.08.2021 16:00,08.08.2021 17:00,"2,372"
08.08.2021 17:00,08.08.2021 18:00,"0,465"
08.08.2021 18:00,08.08.2021 19:00,"2,293"
08.08.2021 19:00,08.08.2021 20:00,"0,402"
08.08.2021 20:00,08.08.2021 21:00,"1,934"
08.08.2021 21:00,08.08.2021 22:00,"0,535"
08.08.2021 22:00,08.08.2021 23:00,"0,377"
08.08.2021 23:00,09.08.2021 00:00,"0,116"
09.08.2021 00:00,09.08.2021 01:00,1
09.08.2021 01:00,09.08.2021 02:00,"0,115"
09.08.2021 02:00,09.08.2021 03:00,"0,123"
09.08.2021 03:00,09.08.2021 04:00,"0,126"
09.08.2021 04:00,09.08.2021 05:00,"0,594"
09.08.2021 05:00,09.08.2021 06:00,"0,495"
09.08.2021 06:00,09.08.2021 07:00,"0,138"
09.08.2021 07:00,09.08.2021 08:00,"1,569"
09.08.2021 08:00,09.08.2021 09:00,"1,17"
09.08.2021 09:00,09.08.2021 10:00,"0,277"
09.08.2021 10:00,09.08.2021 11:00,"1,348"
09.08.2021 11:00,09.08.2021 12:00,"1,11"
09.08.2021 12:00,09.08.2021 13:00,"1,82"
09.08.2021 13:00,09.08.2021 14:00,"0,66"
09.08.2021 14:00,09.08.2021 15:00,"1,244"
09.08.2021 15:00,09.08.2021 16:00,"1,404"
09.08.2021 16:00,09.08.2021 17:00,"1,201"
09.08.2021 17:00,09.08.2021 18:00,"1,354"
09.08.2021 18:00,09.08.2021 19:00,"0,633"
09.08.2021 19:00,09.08.2021 20:00,"0,441"
09.08.2021 20:00,09.08.2021 21:00,"2,992"
09.08.2021 21:00,09.08.2021 22:00,"1,055"
09.08.2021 22:00,09.08.2021 23:00,"0,491"
09.08.2021 23:00,10.08.2021 00:00,"0,264"
10.08.2021 00:00,10.08.2021 01:00,"0,475"
10.08.2021 01:00,10.08.2021 02:00,"0,782"
10.08.2021 02:00,10.08.2021 03:00,"0,167"
10.08.2021 03:00,10.08.2021 04:00,"0,129"
10.08.2021 04:00,10.08.2021 05:00,"0,147"
10.08.2021 05:00,10.08.2021 06:00,"0,948"
10.08.2021 06:00,10.08.2021 07:00,"0,169"
10.08.2021 07:00,10.08.2021 08:00,"0,802"
10.08.2021 08:00,10.08.2021 09:00,"0,679"
10.08.2021 09:00,10.08.2021 10:00,"0,165"
10.08.2021 10:00,10.08.2021 11:00,"0,326"
10.08.2021 11:00,10.08.2021 12:00,"1,003"
10.08.2021 12:00,10.08.2021 13:00,"0,248"
10.08.2021 13:00,10.08.2021 14:00,"0,204"
10.08.2021 14:00,10.08.2021 15:00,"0,356"
10.08.2021 15:00,10.08.2021 16:00,"0,954"
10.08.2021 16:00,10.08.2021 17:00,"3,051"
10.08.2021 17:00,10.08.2021 18:00,"2,12"
10.08.2021 18:00,10.08.2021 19:00,"1,333"
10.08.2021 19:00,10.08.2021 20:00,"1,485"
10.08.2021 20:00,10.08.2021 21:00,"1,058"
10.08.2021 21:00,10.08.2021 22:00,"0,578"
10.08.2021 22:00,10.08.2021 23:00,"0,972"
10.08.2021 23:00,11.08.2021 00:00,"1,352"
11.08.2021 00:00,11.08.2021 01:00,"0,309"
11.08.2021 01:00,11.08.2021 02:00,"0,337"
11.08.2021 02:00,11.08.2021 03:00,"0,315"
11.08.2021 03:00,11.08.2021 04:00,"1,178"
11.08.2021 04:00,11.08.2021 05:00,"0,296"
11.08.2021 05:00,11.08.2021 06:00,"0,35"
11.08.2021 06:00,11.08.2021 07:00,"0,445"
11.08.2021 07:00,11.08.2021 08:00,"1,524"
11.08.2021 08:00,11.08.2021 09:00,"0,535"
11.08.2021 09:00,11.08.2021 10:00,"1,16"
11.08.2021 10:00,11.08.2021 11:00,"0,761"
11.08.2021 11:00,11.08.2021 12:00,"1,578"
11.08.2021 12:00,11.08.2021 13:00,"0,442"
11.08.2021 13:00,11.08.2021 14:00,"0,395"
11.08.2021 14:00,11.08.2021 15:00,"0,945"
11.08.2021 15:00,11.08.2021 16:00,"1,454"
11.08.2021 16:00,11.08.2021 17:00,"1,192"
11.08.2021 17:00,11.08.2021 18:00,"2,218"
11.08.2021 18:00,11.08.2021 19:00,"0,589"
11.08.2021 19:00,11.08.2021 20:00,"1,224"
11.08.2021 20:00,11.08.2021 21:00,"0,482"
11.08.2021 21:00,11.08.2021 22:00,"2,556"
11.08.2021 22:00,11.08.2021 23:00,"1,339"
11.08.2021 23:00,12.08.2021 00:00,"0,129"
12.08.2021 00:00,12.08.2021 01:00,"0,125"
12.08.2021 01:00,12.08.2021 02:00,"0,122"
12.08.2021 02:00,12.08.2021 03:00,"0,978"
12.08.2021 03:00,12.08.2021 04:00,"0,12"
12.08.2021 04:00,12.08.2021 05:00,"0,113"
12.08.2021 05:00,12.08.2021 06:00,"0,13"
12.08.2021 06:00,12.08.2021 07:00,"1,281"
12.08.2021 07:00,12.08.2021 08:00,"0,571"
12.08.2021 08:00,12.08.2021 09:00,"1,219"
12.08.2021 09:00,12.08.2021 10:00,"0,557"
12.08.2021 10:00,12.08.2021 11:00,"0,557"
12.08.2021 11:00,12.08.2021 12:00,"0,972"
12.08.2021 12:00,12.08.2021 13:00,"0,873"
12.08.2021 13:00,12.08.2021 14:00,"0,529"
12.08.2021 14:00,12.08.2021 15:00,"0,58"
12.08.2021 15:00,12.08.2021 16:00,"1,93"
12.08.2021 16:00,12.08.2021 17:00,"0,559"
12.08.2021 17:00,12.08.2021 18:00,"1,514"
12.08.2021 18:00,12.08.2021 19:00,"0,393"
12.08.2021 19:00,12.08.2021 20:00,"0,598"
12.08.2021 20:00,12.08.2021 21:00,"1,005"
12.08.2021 21:00,12.08.2021 22:00,"0,761"
12.08.2021 22:00,12.08.2021 23:00,"0,893"
12.08.2021 23:00,13.08.2021 00:00,"0,203"
13.08.2021 00:00,13.08.2021 01:00,"0,135"
13.08.2021 01:00,13.08.2021 02:00,"0,751"
13.08.2021 02:00,13.08.2021 03:00,"0,133"
13.08.2021 03:00,13.08.2021 04:00,"0,141"
13.08.2021 04:00,13.08.2021 05:00,"0,148"
13.08.2021 05:00,13.08.2021 06:00,"1,055"
13.08.2021 06:00,13.08.2021 07:00,"0,218"
13.08.2021 07:00,13.08.2021 08:00,"1,386"
13.08.2021 08:00,13.08.2021 09:00,"0,128"
13.08.2021 09:00,13.08.2021 10:00,"1,132"
13.08.2021 10:00,13.08.2021 11:00,"0,412"
13.08.2021 11:00,13.08.2021 12:00,"0,933"
13.08.2021 12:00,13.08.2021 13:00,"0,568"
13.08.2021 13:00,13.08.2021 14:00,"1,191"
13.08.2021 14:00,13.08.2021 15:00,"0,306"
13.08.2021 15:00,13.08.2021 16:00,"0,288"
13.08.2021 16:00,13.08.2021 17:00,"1,8"
13.08.2021 17:00,13.08.2021 18:00,"0,375"
13.08.2021 18:00,13.08.2021 19:00,"0,689"
13.08.2021 19:00,13.08.2021 20:00,"1,185"
13.08.2021 20:00,13.08.2021 21:00,"0,395"
13.08.2021 21:00,13.08.2021 22:00,"0,586"
13.08.2021 22:00,13.08.2021 23:00,"0,565"
13.08.2021 23:00,14.08.2021 00:00,"1,178"
14.08.2021 00:00,14.08.2021 01:00,"0,185"
14.08.2021 01:00,14.08.2021 02:00,"0,177"
14.08.2021 02:00,14.08.2021 03:00,"0,216"
14.08.2021 03:00,14.08.2021 04:00,"0,825"
14.08.2021 04:00,14.08.2021 05:00,"0,418"
14.08.2021 05:00,14.08.2021 06:00,"0,215"
14.08.2021 06:00,14.08.2021 07:00,"0,404"
14.08.2021 07:00,14.08.2021 08:00,"0,427"
14.08.2021 08:00,14.08.2021 09:00,"1,377"
14.08.2021 09:00,14.08.2021 10:00,"0,749"
14.08.2021 10:00,14.08.2021 11:00,"2,095"
14.08.2021 11:00,14.08.2021 12:00,"1,668"
14.08.2021 12:00,14.08.2021 13:00,"0,548"
14.08.2021 13:00,14.08.2021 14:00,"1,557"
14.08.2021 14:00,14.08.2021 15:00,"0,52"
14.08.2021 15:00,14.08.2021 16:00,"2,563"
14.08.2021 16:00,14.08.2021 17:00,"2,714"
14.08.2021 17:00,14.08.2021 18:00,"1,54"
14.08.2021 18:00,14.08.2021 19:00,"1,65"
14.08.2021 19:00,14.08.2021 20:00,"0,722"
14.08.2021 20:00,14.08.2021 21:00,"0,475"
14.08.2021 21:00,14.08.2021 22:00,"0,952"
14.08.2021 22:00,14.08.2021 23:00,"0,918"
14.08.2021 23:00,15.08.2021 00:00,"0,138"
15.08.2021 00:00,15.08.2021 01:00,"0,14"
15.08.2021 01:00,15.08.2021 02:00,"0,971"
15.08.2021 02:00,15.08.2021 03:00,"0,169"
15.08.2021 03:00,15.08.2021 04:00,"0,132"
15.08.2021 04:00,15.08.2021 05:00,"0,118"
15.08.2021 05:00,15.08.2021 06:00,"0,41"
15.08.2021 06:00,15.08.2021 07:00,"0,821"
15.08.2021 07:00,15.08.2021 08:00,"0,563"
15.08.2021 08:00,15.08.2021 09:00,"0,445"
15.08.2021 09:00,15.08.2021 10:00,"1,114"
15.08.2021 10:00,15.08.2021 11:00,"0,131"
15.08.2021 11:00,15.08.2021 12:00,"0,113"
15.08.2021 12:00,15.08.2021 13:00,"0,141"
15.08.2021 13:00,15.08.2021 14:00,"0,109"
15.08.2021 14:00,15.08.2021 15:00,"1,119"
15.08.2021 15:00,15.08.2021 16:00,"1,214"
15.08.2021 16:00,15.08.2021 17:00,"2,544"
15.08.2021 17:00,15.08.2021 18:00,"1,048"
15.08.2021 18:00,15.08.2021 19:00,"0,667"
15.08.2021 19:00,15.08.2021 20:00,"0,765"
15.08.2021 20:00,15.08.2021 21:00,"2,181"
15.08.2021 21:00,15.08.2021 22:00,"0,489"
15.08.2021 22:00,15.08.2021 23:00,"0,423"
15.08.2021 23:00,16.08.2021 00:00,"1,509"
16.08.2021 00:00,16.08.2021 01:00,"0,377"
16.08.2021 01:00,16.08.2021 02:00,"0,402"
16.08.2021 02:00,16.08.2021 03:00,"0,165"
16.08.2021 03:00,16.08.2021 04:00,"0,184"
16.08.2021 04:00,16.08.2021 05:00,"1,002"
16.08.2021 05:00,16.08.2021 06:00,"0,201"
16.08.2021 06:00,16.08.2021 07:00,"0,396"
16.08.2021 07:00,16.08.2021 08:00,"1,273"
16.08.2021 08:00,16.08.2021 09:00,"0,419"
16.08.2021 09:00,16.08.2021 10:00,"0,458"
16.08.2021 10:00,16.08.2021 11:00,"0,443"
16.08.2021 11:00,16.08.2021 12:00,"1,217"
16.08.2021 12:00,16.08.2021 13:00,"0,397"
16.08.2021 13:00,16.08.2021 14:00,"0,656"
16.08.2021 14:00,16.08.2021 15:00,"0,818"
16.08.2021 15:00,16.08.2021 16:00,"0,405"
16.08.2021 16:00,16.08.2021 17:00,"1,589"
16.08.2021 17:00,16.08.2021 18:00,"1,545"
16.08.2021 18:00,16.08.2021 19:00,"1,266"
16.08.2021 19:00,16.08.2021 20:00,"0,339"
16.08.2021 20:00,16.08.2021 21:00,"0,977"
16.08.2021 21:00,16.08.2021 22:00,"0,233"
16.08.2021 22:00,16.08.2021 23:00,"1,83"
16.08.2021 23:00,17.08.2021 00:00,"0,205"
17.08.2021 00:00,17.08.2021 01:00,"0,179"
17.08.2021 01:00,17.08.2021 02:00,"0,137"
17.08.2021 02:00,17.08.2021 03:00,"0,803"
17.08.2021 03:00,17.08.2021 04:00,"0,431"
17.08.2021 04:00,17.08.2021 05:00,"0,162"
17.08.2021 05:00,17.08.2021 06:00,"0,175"
17.08.2021 06:00,17.08.2021 07:00,"0,64"
17.08.2021 07:00,17.08.2021 08:00,"0,95"
17.08.2021 08:00,17.08.2021 09:00,"1,058"
17.08.2021 09:00,17.08.2021 10:00,"0,481"
17.08.2021 10:00,17.08.2021 11:00,"0,825"
17.08.2021 11:00,17.08.2021 12:00,"0,949"
17.08.2021 12:00,17.08.2021 13:00,"1,08"
17.08.2021 13:00,17.08.2021 14:00,"0,418"
17.08.2021 14:00,17.08.2021 15:00,"0,228"
17.08.2021 15:00,17.08.2021 16:00,"1,401"
17.08.2021 16:00,17.08.2021 17:00,"1,303"
17.08.2021 17:00,17.08.2021 18:00,"0,298"
17.08.2021 18:00,17.08.2021 19:00,"1,414"
17.08.2021 19:00,17.08.2021 20:00,"0,359"
17.08.2021 20:00,17.08.2021 21:00,"1,202"
17.08.2021 21:00,17.08.2021 22:00,"0,431"
17.08.2021 22:00,17.08.2021 23:00,"0,305"
17.08.2021 23:00,18.08.2021 00:00,"0,256"
18.08.2021 00:00,18.08.2021 01:00,"0,975"
18.08.2021 01:00,18.08.2021 02:00,"0,215"
18.08.2021 02:00,18.08.2021 03:00,"0,182"
18.08.2021 03:00,18.08.2021 04:00,"0,198"
18.08.2021 04:00,18.08.2021 05:00,"1,054"
18.08.2021 05:00,18.08.2021 06:00,"0,208"
18.08.2021 06:00,18.08.2021 07:00,"0,193"
18.08.2021 07:00,18.08.2021 08:00,"0,544"
18.08.2021 08:00,18.08.2021 09:00,"1,609"
18.08.2021 09:00,18.08.2021 10:00,"0,568"
18.08.2021 10:00,18.08.2021 11:00,"0,653"
18.08.2021 11:00,18.08.2021 12:00,"0,688"
18.08.2021 12:00,18.08.2021 13:00,"1,48"
18.08.2021 13:00,18.08.2021 14:00,"0,675"
18.08.2021 14:00,18.08.2021 15:00,"2,026"
18.08.2021 15:00,18.08.2021 16:00,"1,08"
18.08.2021 16:00,18.08.2021 17:00,"1,054"
18.08.2021 17:00,18.08.2021 18:00,"0,606"
18.08.2021 18:00,18.08.2021 19:00,"1,893"
18.08.2021 19:00,18.08.2021 20:00,"1,55"
18.08.2021 20:00,18.08.2021 21:00,"1,436"
18.08.2021 21:00,18.08.2021 22:00,"3,205"
18.08.2021 22:00,18.08.2021 23:00,"2,252"
18.08.2021 23:00,19.08.2021 00:00,"0,258"
19.08.2021 00:00,19.08.2021 01:00,"0,172"
19.08.2021 01:00,19.08.2021 02:00,"0,133"
19.08.2021 02:00,19.08.2021 03:00,"0,743"
19.08.2021 03:00,19.08.2021 04:00,"0,52"
19.08.2021 04:00,19.08.2021 05:00,"0,178"
19.08.2021 05:00,19.08.2021 06:00,"0,146"
19.08.2021 06:00,19.08.2021 07:00,"1,302"
19.08.2021 07:00,19.08.2021 08:00,"0,652"
19.08.2021 08:00,19.08.2021 09:00,"0,462"
19.08.2021 09:00,19.08.2021 10:00,"0,492"
19.08.2021 10:00,19.08.2021 11:00,"1,339"
19.08.2021 11:00,19.08.2021 12:00,"0,583"
19.08.2021 12:00,19.08.2021 13:00,"0,572"
19.08.2021 13:00,19.08.2021 14:00,"1,458"
19.08.2021 14:00,19.08.2021 15:00,"0,716"
19.08.2021 15:00,19.08.2021 16:00,"0,929"
19.08.2021 16:00,19.08.2021 17:00,"2,255"
19.08.2021 17:00,19.08.2021 18:00,"1,141"
19.08.2021 18:00,19.08.2021 19:00,"1,214"
19.08.2021 19:00,19.08.2021 20:00,"0,538"
19.08.2021 20:00,19.08.2021 21:00,"1,444"
19.08.2021 21:00,19.08.2021 22:00,"1,802"
19.08.2021 22:00,19.08.2021 23:00,"1,782"
19.08.2021 23:00,20.08.2021 00:00,"0,238"
20.08.2021 00:00,20.08.2021 01:00,"0,399"
20.08.2021 01:00,20.08.2021 02:00,"0,219"
20.08.2021 02:00,20.08.2021 03:00,"1,059"
20.08.2021 03:00,20.08.2021 04:00,"0,197"
20.08.2021 04:00,20.08.2021 05:00,"0,191"
20.08.2021 05:00,20.08.2021 06:00,"0,226"
20.08.2021 06:00,20.08.2021 07:00,"0,602"
20.08.2021 07:00,20.08.2021 08:00,"1,519"
20.08.2021 08:00,20.08.2021 09:00,"0,358"
20.08.2021 09:00,20.08.2021 10:00,"1,238"
20.08.2021 10:00,20.08.2021 11:00,"0,605"
20.08.2021 11:00,20.08.2021 12:00,"0,5"
20.08.2021 12:00,20.08.2021 13:00,"0,197"
20.08.2021 13:00,20.08.2021 14:00,"1,117"
20.08.2021 14:00,20.08.2021 15:00,"0,234"
20.08.2021 15:00,20.08.2021 16:00,"0,611"
20.08.2021 16:00,20.08.2021 17:00,"1,592"
20.08.2021 17:00,20.08.2021 18:00,"1,075"
20.08.2021 18:00,20.08.2021 19:00,"2,975"
20.08.2021 19:00,20.08.2021 20:00,"1,367"
20.08.2021 20:00,20.08.2021 21:00,"0,597"
20.08.2021 21:00,20.08.2021 22:00,"0,888"
20.08.2021 22:00,20.08.2021 23:00,"1,373"
20.08.2021 23:00,21.08.2021 00:00,"0,192"
21.08.2021 00:00,21.08.2021 01:00,"0,164"
21.08.2021 01:00,21.08.2021 02:00,"0,325"
21.08.2021 02:00,21.08.2021 03:00,"0,877"
21.08.2021 03:00,21.08.2021 04:00,"0,161"
21.08.2021 04:00,21.08.2021 05:00,"0,19"
21.08.2021 05:00,21.08.2021 06:00,"0,19"
21.08.2021 06:00,21.08.2021 07:00,"1,219"
21.08.2021 07:00,21.08.2021 08:00,"0,35"
21.08.2021 08:00,21.08.2021 09:00,"0,471"
21.08.2021 09:00,21.08.2021 10:00,"1,385"
21.08.2021 10:00,21.08.2021 11:00,"0,433"
21.08.2021 11:00,21.08.2021 12:00,"0,39"
21.08.2021 12:00,21.08.2021 13:00,"0,375"
21.08.2021 13:00,21.08.2021 14:00,"0,586"
21.08.2021 14:00,21.08.2021 15:00,"0,973"
21.08.2021 15:00,21.08.2021 16:00,"0,32"
21.08.2021 16:00,21.08.2021 17:00,"0,313"
21.08.2021 17:00,21.08.2021 18:00,"0,245"
21.08.2021 18:00,21.08.2021 19:00,"0,264"
21.08.2021 19:00,21.08.2021 20:00,"1,09"
21.08.2021 20:00,21.08.2021 21:00,"0,252"
21.08.2021 21:00,21.08.2021 22:00,"0,274"
21.08.2021 22:00,21.08.2021 23:00,"0,332"
21.08.2021 23:00,22.08.2021 00:00,"0,383"
22.08.2021 00:00,22.08.2021 01:00,"1,273"
22.08.2021 01:00,22.08.2021 02:00,"0,314"
22.08.2021 02:00,22.08.2021 03:00,"0,358"
22.08.2021 03:00,22.08.2021 04:00,"0,369"
22.08.2021 04:00,22.08.2021 05:00,"0,347"
22.08.2021 05:00,22.08.2021 06:00,"0,376"
22.08.2021 06:00,22.08.2021 07:00,"1,259"
22.08.2021 07:00,22.08.2021 08:00,"0,379"
22.08.2021 08:00,22.08.2021 09:00,"0,352"
22.08.2021 09:00,22.08.2021 10:00,"0,363"
22.08.2021 10:00,22.08.2021 11:00,"0,342"
22.08.2021 11:00,22.08.2021 12:00,"0,513"
22.08.2021 12:00,22.08.2021 13:00,"1,07"
22.08.2021 13:00,22.08.2021 14:00,"0,306"
22.08.2021 14:00,22.08.2021 15:00,"0,282"
22.08.2021 15:00,22.08.2021 16:00,"0,356"
22.08.2021 16:00,22.08.2021 17:00,"1,653"
22.08.2021 17:00,22.08.2021 18:00,"0,919"
22.08.2021 18:00,22.08.2021 19:00,"0,715"
22.08.2021 19:00,22.08.2021 20:00,"1,769"
22.08.2021 20:00,22.08.2021 21:00,"1,068"
22.08.2021 21:00,22.08.2021 22:00,"0,62"
22.08.2021 22:00,22.08.2021 23:00,"1,853"
22.08.2021 23:00,23.08.2021 00:00,"0,935"
23.08.2021 00:00,23.08.2021 01:00,"0,33"
23.08.2021 01:00,23.08.2021 02:00,"0,343"
23.08.2021 02:00,23.08.2021 03:00,"0,368"
23.08.2021 03:00,23.08.2021 04:00,"1,284"
23.08.2021 04:00,23.08.2021 05:00,"0,362"
23.08.2021 05:00,23.08.2021 06:00,"0,37"
23.08.2021 06:00,23.08.2021 07:00,"0,387"
23.08.2021 07:00,23.08.2021 08:00,"1,849"
23.08.2021 08:00,23.08.2021 09:00,"0,309"
23.08.2021 09:00,23.08.2021 10:00,"0,14"
23.08.2021 10:00,23.08.2021 11:00,"0,139"
23.08.2021 11:00,23.08.2021 12:00,"1,037"
23.08.2021 12:00,23.08.2021 13:00,"0,136"
23.08.2021 13:00,23.08.2021 14:00,"0,16"
23.08.2021 14:00,23.08.2021 15:00,"0,632"
23.08.2021 15:00,23.08.2021 16:00,"2,074"
23.08.2021 16:00,23.08.2021 17:00,"0,228"
23.08.2021 17:00,23.08.2021 18:00,"0,81"
23.08.2021 18:00,23.08.2021 19:00,"1,904"
23.08.2021 19:00,23.08.2021 20:00,"0,185"
23.08.2021 20:00,23.08.2021 21:00,"0,512"
23.08.2021 21:00,23.08.2021 22:00,"0,82"
23.08.2021 22:00,23.08.2021 23:00,"1,356"
23.08.2021 23:00,24.08.2021 00:00,"1,221"
24.08.2021 00:00,24.08.2021 01:00,"0,174"
24.08.2021 01:00,24.08.2021 02:00,"0,129"
24.08.2021 02:00,24.08.2021 03:00,"0,156"
24.08.2021 03:00,24.08.2021 04:00,"0,903"
24.08.2021 04:00,24.08.2021 05:00,"0,174"
24.08.2021 05:00,24.08.2021 06:00,"0,173"
24.08.2021 06:00,24.08.2021 07:00,"0,886"
24.08.2021 07:00,24.08.2021 08:00,"1,028"
24.08.2021 08:00,24.08.2021 09:00,"0,377"
24.08.2021 09:00,24.08.2021 10:00,"0,353"
24.08.2021 10:00,24.08.2021 11:00,"0,614"
24.08.2021 11:00,24.08.2021 12:00,"0,92"
24.08.2021 12:00,24.08.2021 13:00,"1,406"
24.08.2021 13:00,24.08.2021 14:00,"2,195"
24.08.2021 14:00,24.08.2021 15:00,"0,632"
24.08.2021 15:00,24.08.2021 16:00,"1,496"
24.08.2021 16:00,24.08.2021 17:00,"0,975"
24.08.2021 17:00,24.08.2021 18:00,"3,016"
24.08.2021 18:00,24.08.2021 19:00,"1,07"
24.08.2021 19:00,24.08.2021 20:00,"1,006"
24.08.2021 20:00,24.08.2021 21:00,"1,63"
24.08.2021 21:00,24.08.2021 22:00,"0,898"
24.08.2021 22:00,24.08.2021 23:00,"0,672"
24.08.2021 23:00,25.08.2021 00:00,"0,497"
25.08.2021 00:00,25.08.2021 01:00,"1,231"
25.08.2021 01:00,25.08.2021 02:00,"0,393"
25.08.2021 02:00,25.08.2021 03:00,"0,409"
25.08.2021 03:00,25.08.2021 04:00,"0,393"
25.08.2021 04:00,25.08.2021 05:00,"0,748"
25.08.2021 05:00,25.08.2021 06:00,"0,798"
25.08.2021 06:00,25.08.2021 07:00,"0,463"
25.08.2021 07:00,25.08.2021 08:00,"0,68"
25.08.2021 08:00,25.08.2021 09:00,"1,161"
25.08.2021 09:00,25.08.2021 10:00,"0,692"
25.08.2021 10:00,25.08.2021 11:00,"1,793"
25.08.2021 11:00,25.08.2021 12:00,"0,782"
25.08.2021 12:00,25.08.2021 13:00,"1,512"
25.08.2021 13:00,25.08.2021 14:00,"2,254"
25.08.2021 14:00,25.08.2021 15:00,"0,844"
25.08.2021 15:00,25.08.2021 16:00,"1,644"
25.08.2021 16:00,25.08.2021 17:00,"0,789"
25.08.2021 17:00,25.08.2021 18:00,"1,34"
25.08.2021 18:00,25.08.2021 19:00,"0,969"
25.08.2021 19:00,25.08.2021 20:00,"0,63"
25.08.2021 20:00,25.08.2021 21:00,"2,544"
25.08.2021 21:00,25.08.2021 22:00,"2,765"
25.08.2021 22:00,25.08.2021 23:00,"0,433"
25.08.2021 23:00,26.08.2021 00:00,"0,293"
26.08.2021 00:00,26.08.2021 01:00,"0,313"
26.08.2021 01:00,26.08.2021 02:00,"1,184"
26.08.2021 02:00,26.08.2021 03:00,"0,335"
26.08.2021 03:00,26.08.2021 04:00,"0,318"
26.08.2021 04:00,26.08.2021 05:00,"0,318"
26.08.2021 05:00,26.08.2021 06:00,"1,087"
26.08.2021 06:00,26.08.2021 07:00,"0,476"
26.08.2021 07:00,26.08.2021 08:00,"0,725"
26.08.2021 08:00,26.08.2021 09:00,"1,334"
26.08.2021 09:00,26.08.2021 10:00,"0,379"
26.08.2021 10:00,26.08.2021 11:00,"0,61"
26.08.2021 11:00,26.08.2021 12:00,"1,432"
26.08.2021 12:00,26.08.2021 13:00,"0,961"
26.08.2021 13:00,26.08.2021 14:00,"1,188"
26.08.2021 14:00,26.08.2021 15:00,"0,592"
26.08.2021 15:00,26.08.2021 16:00,"0,703"
26.08.2021 16:00,26.08.2021 17:00,"2,689"
26.08.2021 17:00,26.08.2021 18:00,"0,825"
26.08.2021 18:00,26.08.2021 19:00,"1,799"
26.08.2021 19:00,26.08.2021 20:00,"1,748"
26.08.2021 20:00,26.08.2021 21:00,"1,414"
26.08.2021 21:00,26.08.2021 22:00,"0,401"
26.08.2021 22:00,26.08.2021 23:00,"0,676"
26.08.2021 23:00,27.08.2021 00:00,"1,098"
27.08.2021 00:00,27.08.2021 01:00,"0,2"
27.08.2021 01:00,27.08.2021 02:00,"0,239"
27.08.2021 02:00,27.08.2021 03:00,"0,213"
27.08.2021 03:00,27.08.2021 04:00,"0,642"
27.08.2021 04:00,27.08.2021 05:00,"0,648"
27.08.2021 05:00,27.08.2021 06:00,"0,249"
27.08.2021 06:00,27.08.2021 07:00,"0,277"
27.08.2021 07:00,27.08.2021 08:00,"1,544"
27.08.2021 08:00,27.08.2021 09:00,"0,484"
27.08.2021 09:00,27.08.2021 10:00,"0,513"
27.08.2021 10:00,27.08.2021 11:00,"1,089"
27.08.2021 11:00,27.08.2021 12:00,"0,381"
27.08.2021 12:00,27.08.2021 13:00,"0,341"
27.08.2021 13:00,27.08.2021 14:00,"0,459"
27.08.2021 14:00,27.08.2021 15:00,"1,188"
27.08.2021 15:00,27.08.2021 16:00,"1,658"
27.08.2021 16:00,27.08.2021 17:00,"1,176"
27.08.2021 17:00,27.08.2021 18:00,"1,22"
27.08.2021 18:00,27.08.2021 19:00,"0,57"
27.08.2021 19:00,27.08.2021 20:00,"1,557"
27.08.2021 20:00,27.08.2021 21:00,"2,859"
27.08.2021 21:00,27.08.2021 22:00,"0,762"
27.08.2021 22:00,27.08.2021 23:00,"0,362"
27.08.2021 23:00,28.08.2021 00:00,"0,767"
28.08.2021 00:00,28.08.2021 01:00,"0,459"
28.08.2021 01:00,28.08.2021 02:00,"0,14"
28.08.2021 02:00,28.08.2021 03:00,"0,155"
28.08.2021 03:00,28.08.2021 04:00,"0,319"
28.08.2021 04:00,28.08.2021 05:00,"0,884"
28.08.2021 05:00,28.08.2021 06:00,"0,147"
28.08.2021 06:00,28.08.2021 07:00,"1,021"
28.08.2021 07:00,28.08.2021 08:00,"1,033"
28.08.2021 08:00,28.08.2021 09:00,"2,112"
28.08.2021 09:00,28.08.2021 10:00,"0,396"
28.08.2021 10:00,28.08.2021 11:00,"0,674"
28.08.2021 11:00,28.08.2021 12:00,"1,325"
28.08.2021 12:00,28.08.2021 13:00,"0,393"
28.08.2021 13:00,28.08.2021 14:00,"0,761"
28.08.2021 14:00,28.08.2021 15:00,"0,825"
28.08.2021 15:00,28.08.2021 16:00,"0,689"
28.08.2021 16:00,28.08.2021 17:00,"2,182"
28.08.2021 17:00,28.08.2021 18:00,"1,414"
28.08.2021 18:00,28.08.2021 19:00,"0,907"
28.08.2021 19:00,28.08.2021 20:00,"0,833"
28.08.2021 20:00,28.08.2021 21:00,"1,014"
28.08.2021 21:00,28.08.2021 22:00,"0,455"
28.08.2021 22:00,28.08.2021 23:00,"0,42"
28.08.2021 23:00,29.08.2021 00:00,"1,222"
29.08.2021 00:00,29.08.2021 01:00,"0,234"
29.08.2021 01:00,29.08.2021 02:00,"0,258"
29.08.2021 02:00,29.08.2021 03:00,"0,258"
29.08.2021 03:00,29.08.2021 04:00,"1,1"
29.08.2021 04:00,29.08.2021 05:00,"0,323"
29.08.2021 05:00,29.08.2021 06:00,"0,273"
29.08.2021 06:00,29.08.2021 07:00,"0,298"
29.08.2021 07:00,29.08.2021 08:00,"1,874"
29.08.2021 08:00,29.08.2021 09:00,"0,5"
29.08.2021 09:00,29.08.2021 10:00,"2,266"
29.08.2021 10:00,29.08.2021 11:00,"2,357"
29.08.2021 11:00,29.08.2021 12:00,"1,549"
29.08.2021 12:00,29.08.2021 13:00,"1,663"
29.08.2021 13:00,29.08.2021 14:00,"2,009"
29.08.2021 14:00,29.08.2021 15:00,"3,139"
29.08.2021 15:00,29.08.2021 16:00,"1,261"
29.08.2021 16:00,29.08.2021 17:00,"2,313"
29.08.2021 17:00,29.08.2021 18:00,"1,55"
29.08.2021 18:00,29.08.2021 19:00,"2,231"
29.08.2021 19:00,29.08.2021 20:00,"0,632"
29.08.2021 20:00,29.08.2021 21:00,"1,613"
29.08.2021 21:00,29.08.2021 22:00,"0,537"
29.08.2021 22:00,29.08.2021 23:00,"0,373"
29.08.2021 23:00,30.08.2021 00:00,"0,861"
30.08.2021 00:00,30.08.2021 01:00,"0,409"
30.08.2021 01:00,30.08.2021 02:00,"0,12"
30.08.2021 02:00,30.08.2021 03:00,"0,161"
30.08.2021 03:00,30.08.2021 04:00,"0,271"
30.08.2021 04:00,30.08.2021 05:00,"0,99"
30.08.2021 05:00,30.08.2021 06:00,"0,146"
30.08.2021 06:00,30.08.2021 07:00,"0,502"
30.08.2021 07:00,30.08.2021 08:00,"1,344"
30.08.2021 08:00,30.08.2021 09:00,"1,692"
30.08.2021 09:00,30.08.2021 10:00,"0,971"
30.08.2021 10:00,30.08.2021 11:00,"1,093"
30.08.2021 11:00,30.08.2021 12:00,"0,805"
30.08.2021 12:00,30.08.2021 13:00,"1,233"
30.08.2021 13:00,30.08.2021 14:00,"0,555"
30.08.2021 14:00,30.08.2021 15:00,"0,876"
30.08.2021 15:00,30.08.2021 16:00,"1,185"
30.08.2021 16:00,30.08.2021 17:00,"0,614"
30.08.2021 17:00,30.08.2021 18:00,"0,503"
30.08.2021 18:00,30.08.2021 19:00,"1,616"
30.08.2021 19:00,30.08.2021 20:00,"0,482"
30.08.2021 20:00,30.08.2021 21:00,"0,478"
30.08.2021 21:00,30.08.2021 22:00,"1,431"
30.08.2021 22:00,30.08.2021 23:00,"0,511"
30.08.2021 23:00,31.08.2021 00:00,"0,453"
31.08.2021 00:00,31.08.2021 01:00,"0,295"
31.08.2021 01:00,31.08.2021 02:00,"1,087"
31.08.2021 02:00,31.08.2021 03:00,"0,299"
31.08.2021 03:00,31.08.2021 04:00,"0,317"
31.08.2021 04:00,31.08.2021 05:00,"0,34"
31.08.2021 05:00,31.08.2021 06:00,"0,798"
31.08.2021 06:00,31.08.2021 07:00,"0,726"
31.08.2021 07:00,31.08.2021 08:00,"0,541"
31.08.2021 08:00,31.08.2021 09:00,"0,562"
31.08.2021 09:00,31.08.2021 10:00,"1,127"
31.08.2021 10:00,31.08.2021 11:00,"0,499"
31.08.2021 11:00,31.08.2021 12:00,"0,448"
31.08.2021 12:00,31.08.2021 13:00,"1,218"
31.08.2021 13:00,31.08.2021 14:00,"0,319"
31.08.2021 14:00,31.08.2021 15:00,"0,365"
31.08.2021 15:00,31.08.2021 16:00,"1,542"
31.08.2021 16:00,31.08.2021 17:00,"0,644"
31.08.2021 17:00,31.08.2021 18:00,"1,383"
31.08.2021 18:00,31.08.2021 19:00,"0,363"
31.08.2021 19:00,31.08.2021 20:00,"1,518"
31.08.2021 20:00,31.08.2021 21:00,"2,672"
31.08.2021 21:00,31.08.2021 22:00,"3,027"
31.08.2021 22:00,31.08.2021 23:00,"2,433"
31.08.2021 23:00,01.09.2021 00:00,"0,285"