Fra;Til;KWH 60 Forbruk
01.09.2019 00:00;01.09.2019 01:00;0,624
01.09.2019 01:00;01.09.2019 02:00;1,114
01.09.2019 02:00;01.09.2019 03:00;0,243
01.09.2019 03:00;01.09.2019 04:00;0,334
01.09.2019 04:00;01.09.2019 05:00;0,169
01.09.2019 05:00;01.09.2019 06:00;0,249
01.09.2019 06:00;01.09.2019 07:00;0,382
01.09.2019 07:00;01.09.2019 08:00;0,163
01.09.2019 08:00;01.09.2019 09:00;0,552
01.09.2019 09:00;01.09.2019 10:00;0,6
01.09.2019 10:00;01.09.2019 11:00;0,36
01.09.2019 11:00;01.09.2019 12:00;1,061
01.09.2019 12:00;01.09.2019 13:00;0,68
01.09.2019 13:00;01.09.2019 14:00;0,27
01.09.2019 14:00;01.09.2019 15:00;0,887
01.09.2019 15:00;01.09.2019 16:00;0,625
01.09.2019 16:00;01.09.2019 17:00;0,463
01.09.2019 17:00;01.09.2019 18:00;0,669
01.09.2019 18:00;01.09.2019 19:00;0,365
01.09.2019 19:00;01.09.2019 20:00;0,457
01.09.2019 20:00;01.09.2019 21:00;1,796
01.09.2019 21:00;01.09.2019 22:00;0,936
01.09.2019 22:00;01.09.2019 23:00;0,844
01.09.2019 23:00;02.09.2019 00:00;0,274
02.09.2019 00:00;02.09.2019 01:00;0,21
02.09.2019 01:00;02.09.2019 02:00;0,318
02.09.2019 02:00;02.09.2019 03:00;0,201
02.09.2019 03:00;02.09.2019 04:00;0,407
02.09.2019 04:00;02.09.2019 05:00;0,814
02.09.2019 05:00;02.09.2019 06:00;0,585
02.09.2019 06:00;02.09.2019 07:00;0,313
02.09.2019 07:00;02.09.2019 08:00;0,433
02.09.2019 08:00;02.09.2019 09:00;0,299
02.09.2019 09:00;02.09.2019 10:00;0,173
02.09.2019 10:00;02.09.2019 11:00;0,399
02.09.2019 11:00;02.09.2019 12:00;0,162
02.09.2019 12:00;02.09.2019 13:00;0,692
02.09.2019 13:00;02.09.2019 14:00;0,685
02.09.2019 14:00;02.09.2019 15:00;0,38
02.09.2019 15:00;02.09.2019 16:00;0,152
02.09.2019 16:00;02.09.2019 17:00;0,366
02.09.2019 17:00;02.09.2019 18:00;1,707
02.09.2019 18:00;02.09.2019 19:00;0,765
02.09.2019 19:00;02.09.2019 20:00;2,329
02.09.2019 20:00;02.09.2019 21:00;0,863
02.09.2019 21:00;02.09.2019 22:00;1,099
02.09.2019 22:00;02.09.2019 23:00;1,758
02.09.2019 23:00;03.09.2019 00:00;0,321
03.09.2019 00:00;03.09.2019 01:00;0,302
03.09.2019 01:00;03.09.2019 02:00;0,32
03.09.2019 02:00;03.09.2019 03:00;0,301
03.09.2019 03:00;03.09.2019 04:00;0,225
03.09.2019 04:00;03.09.2019 05:00;0,411
03.09.2019 05:00;03.09.2019 06:00;0,416
03.09.2019 06:00;03.09.2019 07:00;1,003
03.09.2019 07:00;03.09.2019 08:00;0,35
03.09.2019 08:00;03.09.2019 09:00;0,355
03.09.2019 09:00;03.09.2019 10:00;0,14
03.09.2019 10:00;03.09.2019 11:00;1,509
03.09.2019 11:00;03.09.2019 12:00;0,229
03.09.2019 12:00;03.09.2019 13:00;0,279
03.09.2019 13:00;03.09.2019 14:00;0,338
03.09.2019 14:00;03.09.2019 15:00;0,221
03.09.2019 15:00;03.09.2019 16:00;0,327
03.09.2019 16:00;03.09.2019 17:00;0,14
03.09.2019 17:00;03.09.2019 18:00;1,907
03.09.2019 18:00;03.09.2019 19:00;0,961
03.09.2019 19:00;03.09.2019 20:00;0,54
03.09.2019 20:00;03.09.2019 21:00;0,443
03.09.2019 21:00;03.09.2019 22:00;3,092
03.09.2019 22:00;03.09.2019 23:00;1,128
03.09.2019 23:00;04.09.2019 00:00;0,403
04.09.2019 00:00;04.09.2019 01:00;0,307
04.09.2019 01:00;04.09.2019 02:00;0,343
04.09.2019 02:00;04.09.2019 03:00;0,332
04.09.2019 03:00;04.09.2019 04:00;0,175
04.09.2019 04:00;04.09.2019 05:00;0,417
04.09.2019 05:00;04.09.2019 06:00;1,041
04.09.2019 06:00;04.09.2019 07:00;0,624
04.09.2019 07:00;04.09.2019 08:00;0,533
04.09.2019 08:00;04.09.2019 09:00;0,294
04.09.2019 09:00;04.09.2019 10:00;0,331
04.09.2019 10:00;04.09.2019 11:00;0,151
04.09.2019 11:00;04.09.2019 12:00;0,522
04.09.2019 12:00;04.09.2019 13:00;0,363
04.09.2019 13:00;04.09.2019 14:00;0,141
04.09.2019 14:00;04.09.2019 15:00;1,222
04.09.2019 15:00;04.09.2019 16:00;0,822
04.09.2019 16:00;04.09.2019 17:00;1,099
04.09.2019 17:00;04.09.2019 18:00;1,161
04.09.2019 18:00;04.09.2019 19:00;0,656
04.09.2019 19:00;04.09.2019 20:00;0,653
04.09.2019 20:00;04.09.2019 21:00;0,831
04.09.2019 21:00;04.09.2019 22:00;0,841
04.09.2019 22:00;04.09.2019 23:00;1,476
04.09.2019 23:00;05.09.2019 00:00;0,164
05.09.2019 00:00;05.09.2019 01:00;0,589
05.09.2019 01:00;05.09.2019 02:00;0,399
05.09.2019 02:00;05.09.2019 03:00;0,215
05.09.2019 03:00;05.09.2019 04:00;0,351
05.09.2019 04:00;05.09.2019 05:00;0,431
05.09.2019 05:00;05.09.2019 06:00;0,415
05.09.2019 06:00;05.09.2019 07:00;0,391
05.09.2019 07:00;05.09.2019 08:00;0,69
05.09.2019 08:00;05.09.2019 09:00;1,006
05.09.2019 09:00;05.09.2019 10:00;0,196
05.09.2019 10:00;05.09.2019 11:00;0,441
05.09.2019 11:00;05.09.2019 12:00;0,381
05.09.2019 12:00;05.09.2019 13:00;0,194
05.09.2019 13:00;05.09.2019 14:00;0,372
05.09.2019 14:00;05.09.2019 15:00;0,397
05.09.2019 15:00;05.09.2019 16:00;0,37
05.09.2019 16:00;05.09.2019 17:00;2,68
05.09.2019 17:00;05.09.2019 18:00;0,297
05.09.2019 18:00;05.09.2019 19:00;1,372
05.09.2019 19:00;05.09.2019 20:00;0,732
05.09.2019 20:00;05.09.2019 21:00;2,665
05.09.2019 21:00;05.09.2019 22:00;1,824
05.09.2019 22:00;05.09.2019 23:00;2,085
05.09.2019 23:00;06.09.2019 00:00;1,182
06.09.2019 00:00;06.09.2019 01:00;0,422
06.09.2019 01:00;06.09.2019 02:00;0,389
06.09.2019 02:00;06.09.2019 03:00;0,248
06.09.2019 03:00;06.09.2019 04:00;0,472
06.09.2019 04:00;06.09.2019 05:00;0,381
06.09.2019 05:00;06.09.2019 06:00;0,188
06.09.2019 06:00;06.09.2019 07:00;0,956
06.09.2019 07:00;06.09.2019 08:00;1,467
06.09.2019 08:00;06.09.2019 09:00;0,198
06.09.2019 09:00;06.09.2019 10:00;0,441
06.09.2019 10:00;06.09.2019 11:00;0,451
06.09.2019 11:00;06.09.2019 12:00;0,372
06.09.2019 12:00;06.09.2019 13:00;0,325
06.09.2019 13:00;06.09.2019 14:00;0,46
06.09.2019 14:00;06.09.2019 15:00;0,48
06.09.2019 15:00;06.09.2019 16:00;0,764
06.09.2019 16:00;06.09.2019 17:00;1,323
06.09.2019 17:00;06.09.2019 18:00;1,735
06.09.2019 18:00;06.09.2019 19:00;0,916
06.09.2019 19:00;06.09.2019 20:00;0,914
06.09.2019 20:00;06.09.2019 21:00;0,881
06.09.2019 21:00;06.09.2019 22:00;0,759
06.09.2019 22:00;06.09.2019 23:00;1,018
06.09.2019 23:00;07.09.2019 00:00;1,317
07.09.2019 00:00;07.09.2019 01:00;0,282
07.09.2019 01:00;07.09.2019 02:00;0,462
07.09.2019 02:00;07.09.2019 03:00;0,229
07.09.2019 03:00;07.09.2019 04:00;0,522
07.09.2019 04:00;07.09.2019 05:00;0,422
07.09.2019 05:00;07.09.2019 06:00;0,295
07.09.2019 06:00;07.09.2019 07:00;0,34
07.09.2019 07:00;07.09.2019 08:00;0,693
07.09.2019 08:00;07.09.2019 09:00;1,639
07.09.2019 09:00;07.09.2019 10:00;1,141
07.09.2019 10:00;07.09.2019 11:00;0,555
07.09.2019 11:00;07.09.2019 12:00;1,138
07.09.2019 12:00;07.09.2019 13:00;1,035
07.09.2019 13:00;07.09.2019 14:00;1,148
07.09.2019 14:00;07.09.2019 15:00;1,705
07.09.2019 15:00;07.09.2019 16:00;1,35
07.09.2019 16:00;07.09.2019 17:00;2,257
07.09.2019 17:00;07.09.2019 18:00;1,946
07.09.2019 18:00;07.09.2019 19:00;1,392
07.09.2019 19:00;07.09.2019 20:00;1,344
07.09.2019 20:00;07.09.2019 21:00;0,752
07.09.2019 21:00;07.09.2019 22:00;1,136
07.09.2019 22:00;07.09.2019 23:00;0,772
07.09.2019 23:00;08.09.2019 00:00;1,055
08.09.2019 00:00;08.09.2019 01:00;0,875
08.09.2019 01:00;08.09.2019 02:00;0,471
08.09.2019 02:00;08.09.2019 03:00;0,582
08.09.2019 03:00;08.09.2019 04:00;0,626
08.09.2019 04:00;08.09.2019 05:00;0,68
08.09.2019 05:00;08.09.2019 06:00;0,809
08.09.2019 06:00;08.09.2019 07:00;0,507
08.09.2019 07:00;08.09.2019 08:00;0,909
08.09.2019 08:00;08.09.2019 09:00;0,691
08.09.2019 09:00;08.09.2019 10:00;1,495
08.09.2019 10:00;08.09.2019 11:00;1,168
08.09.2019 11:00;08.09.2019 12:00;0,731
08.09.2019 12:00;08.09.2019 13:00;1,1
08.09.2019 13:00;08.09.2019 14:00;1,953
08.09.2019 14:00;08.09.2019 15:00;0,742
08.09.2019 15:00;08.09.2019 16:00;0,459
08.09.2019 16:00;08.09.2019 17:00;1,923
08.09.2019 17:00;08.09.2019 18:00;2,921
08.09.2019 18:00;08.09.2019 19:00;1,062
08.09.2019 19:00;08.09.2019 20:00;2,603
08.09.2019 20:00;08.09.2019 21:00;0,753
08.09.2019 21:00;08.09.2019 22:00;1,014
08.09.2019 22:00;08.09.2019 23:00;0,774
08.09.2019 23:00;09.09.2019 00:00;0,833
09.09.2019 00:00;09.09.2019 01:00;0,663
09.09.2019 01:00;09.09.2019 02:00;0,646
09.09.2019 02:00;09.09.2019 03:00;1,601
09.09.2019 03:00;09.09.2019 04:00;0,64
09.09.2019 04:00;09.09.2019 05:00;0,658
09.09.2019 05:00;09.09.2019 06:00;0,76
09.09.2019 06:00;09.09.2019 07:00;1,277
09.09.2019 07:00;09.09.2019 08:00;2,782
09.09.2019 08:00;09.09.2019 09:00;0,673
09.09.2019 09:00;09.09.2019 10:00;0,707
09.09.2019 10:00;09.09.2019 11:00;0,695
09.09.2019 11:00;09.09.2019 12:00;0,659
09.09.2019 12:00;09.09.2019 13:00;0,856
09.09.2019 13:00;09.09.2019 14:00;0,479
09.09.2019 14:00;09.09.2019 15:00;0,858
09.09.2019 15:00;09.09.2019 16:00;1,231
09.09.2019 16:00;09.09.2019 17:00;1,798
09.09.2019 17:00;09.09.2019 18:00;2,211
09.09.2019 18:00;09.09.2019 19:00;3,744
09.09.2019 19:00;09.09.2019 20:00;1,287
09.09.2019 20:00;09.09.2019 21:00;0,899
09.09.2019 21:00;09.09.2019 22:00;1,837
09.09.2019 22:00;09.09.2019 23:00;0,789
09.09.2019 23:00;10.09.2019 00:00;0,391
10.09.2019 00:00;10.09.2019 01:00;0,428
10.09.2019 01:00;10.09.2019 02:00;1,304
10.09.2019 02:00;10.09.2019 03:00;0,234
10.09.2019 03:00;10.09.2019 04:00;0,537
10.09.2019 04:00;10.09.2019 05:00;0,392
10.09.2019 05:00;10.09.2019 06:00;0,409
10.09.2019 06:00;10.09.2019 07:00;0,425
10.09.2019 07:00;10.09.2019 08:00;0,57
10.09.2019 08:00;10.09.2019 09:00;1,658
10.09.2019 09:00;10.09.2019 10:00;0,549
10.09.2019 10:00;10.09.2019 11:00;1,452
10.09.2019 11:00;10.09.2019 12:00;0,942
10.09.2019 12:00;10.09.2019 13:00;0,993
10.09.2019 13:00;10.09.2019 14:00;0,71
10.09.2019 14:00;10.09.2019 15:00;0,874
10.09.2019 15:00;10.09.2019 16:00;0,537
10.09.2019 16:00;10.09.2019 17:00;0,724
10.09.2019 17:00;10.09.2019 18:00;1,693
10.09.2019 18:00;10.09.2019 19:00;0,88
10.09.2019 19:00;10.09.2019 20:00;0,929
10.09.2019 20:00;10.09.2019 21:00;3,115
10.09.2019 21:00;10.09.2019 22:00;1,145
10.09.2019 22:00;10.09.2019 23:00;0,532
10.09.2019 23:00;11.09.2019 00:00;0,353
11.09.2019 00:00;11.09.2019 01:00;0,41
11.09.2019 01:00;11.09.2019 02:00;0,275
11.09.2019 02:00;11.09.2019 03:00;0,468
11.09.2019 03:00;11.09.2019 04:00;0,243
11.09.2019 04:00;11.09.2019 05:00;0,538
11.09.2019 05:00;11.09.2019 06:00;1,145
11.09.2019 06:00;11.09.2019 07:00;0,428
11.09.2019 07:00;11.09.2019 08:00;0,652
11.09.2019 08:00;11.09.2019 09:00;0,358
11.09.2019 09:00;11.09.2019 10:00;0,208
11.09.2019 10:00;11.09.2019 11:00;0,519
11.09.2019 11:00;11.09.2019 12:00;0,259
11.09.2019 12:00;11.09.2019 13:00;0,473
11.09.2019 13:00;11.09.2019 14:00;0,201
11.09.2019 14:00;11.09.2019 15:00;0,776
11.09.2019 15:00;11.09.2019 16:00;0,867
11.09.2019 16:00;11.09.2019 17:00;0,443
11.09.2019 17:00;11.09.2019 18:00;1,6
11.09.2019 18:00;11.09.2019 19:00;1,149
11.09.2019 19:00;11.09.2019 20:00;1,68
11.09.2019 20:00;11.09.2019 21:00;0,672
11.09.2019 21:00;11.09.2019 22:00;1,584
11.09.2019 22:00;11.09.2019 23:00;0,766
11.09.2019 23:00;12.09.2019 00:00;0,717
12.09.2019 00:00;12.09.2019 01:00;0,247
12.09.2019 01:00;12.09.2019 02:00;0,535
12.09.2019 02:00;12.09.2019 03:00;0,924
12.09.2019 03:00;12.09.2019 04:00;0,631
12.09.2019 04:00;12.09.2019 05:00;0,309
12.09.2019 05:00;12.09.2019 06:00;0,467
12.09.2019 06:00;12.09.2019 07:00;0,753
12.09.2019 07:00;12.09.2019 08:00;2,567
12.09.2019 08:00;12.09.2019 09:00;0,449
12.09.2019 09:00;12.09.2019 10:00;0,222
12.09.2019 10:00;12.09.2019 11:00;0,444
12.09.2019 11:00;12.09.2019 12:00;0,312
12.09.2019 12:00;12.09.2019 13:00;0,274
12.09.2019 13:00;12.09.2019 14:00;0,388
12.09.2019 14:00;12.09.2019 15:00;0,887
12.09.2019 15:00;12.09.2019 16:00;0,672
12.09.2019 16:00;12.09.2019 17:00;0,86
12.09.2019 17:00;12.09.2019 18:00;1,084
12.09.2019 18:00;12.09.2019 19:00;0,953
12.09.2019 19:00;12.09.2019 20:00;2,694
12.09.2019 20:00;12.09.2019 21:00;0,915
12.09.2019 21:00;12.09.2019 22:00;0,722
12.09.2019 22:00;12.09.2019 23:00;0,656
12.09.2019 23:00;13.09.2019 00:00;0,356
13.09.2019 00:00;13.09.2019 01:00;0,432
13.09.2019 01:00;13.09.2019 02:00;1,174
13.09.2019 02:00;13.09.2019 03:00;0,389
13.09.2019 03:00;13.09.2019 04:00;0,342
13.09.2019 04:00;13.09.2019 05:00;0,472
13.09.2019 05:00;13.09.2019 06:00;0,398
13.09.2019 06:00;13.09.2019 07:00;0,321
13.09.2019 07:00;13.09.2019 08:00;0,81
13.09.2019 08:00;13.09.2019 09:00;0,286
13.09.2019 09:00;13.09.2019 10:00;0,378
13.09.2019 10:00;13.09.2019 11:00;1,316
13.09.2019 11:00;13.09.2019 12:00;0,371
13.09.2019 12:00;13.09.2019 13:00;0,32
13.09.2019 13:00;13.09.2019 14:00;0,334
13.09.2019 14:00;13.09.2019 15:00;0,404
13.09.2019 15:00;13.09.2019 16:00;0,247
13.09.2019 16:00;13.09.2019 17:00;0,456
13.09.2019 17:00;13.09.2019 18:00;3,964
13.09.2019 18:00;13.09.2019 19:00;0,63
13.09.2019 19:00;13.09.2019 20:00;1,153
13.09.2019 20:00;13.09.2019 21:00;1,22
13.09.2019 21:00;13.09.2019 22:00;1,079
13.09.2019 22:00;13.09.2019 23:00;0,486
13.09.2019 23:00;14.09.2019 00:00;0,35
14.09.2019 00:00;14.09.2019 01:00;1,335
14.09.2019 01:00;14.09.2019 02:00;0,359
14.09.2019 02:00;14.09.2019 03:00;0,359
14.09.2019 03:00;14.09.2019 04:00;0,344
14.09.2019 04:00;14.09.2019 05:00;0,432
14.09.2019 05:00;14.09.2019 06:00;0,518
14.09.2019 06:00;14.09.2019 07:00;0,323
14.09.2019 07:00;14.09.2019 08:00;0,524
14.09.2019 08:00;14.09.2019 09:00;0,636
14.09.2019 09:00;14.09.2019 10:00;1,485
14.09.2019 10:00;14.09.2019 11:00;1,071
14.09.2019 11:00;14.09.2019 12:00;2,821
14.09.2019 12:00;14.09.2019 13:00;2,758
14.09.2019 13:00;14.09.2019 14:00;1,694
14.09.2019 14:00;14.09.2019 15:00;0,441
14.09.2019 15:00;14.09.2019 16:00;1,926
14.09.2019 16:00;14.09.2019 17:00;2,012
14.09.2019 17:00;14.09.2019 18:00;1,781
14.09.2019 18:00;14.09.2019 19:00;1,019
14.09.2019 19:00;14.09.2019 20:00;0,821
14.09.2019 20:00;14.09.2019 21:00;2,105
14.09.2019 21:00;14.09.2019 22:00;0,972
14.09.2019 22:00;14.09.2019 23:00;0,676
14.09.2019 23:00;15.09.2019 00:00;0,947
15.09.2019 00:00;15.09.2019 01:00;0,549
15.09.2019 01:00;15.09.2019 02:00;0,228
15.09.2019 02:00;15.09.2019 03:00;0,499
15.09.2019 03:00;15.09.2019 04:00;0,804
15.09.2019 04:00;15.09.2019 05:00;1,056
15.09.2019 05:00;15.09.2019 06:00;0,491
15.09.2019 06:00;15.09.2019 07:00;0,452
15.09.2019 07:00;15.09.2019 08:00;0,562
15.09.2019 08:00;15.09.2019 09:00;0,543
15.09.2019 09:00;15.09.2019 10:00;0,75
15.09.2019 10:00;15.09.2019 11:00;0,649
15.09.2019 11:00;15.09.2019 12:00;1,513
15.09.2019 12:00;15.09.2019 13:00;1,08
15.09.2019 13:00;15.09.2019 14:00;0,454
15.09.2019 14:00;15.09.2019 15:00;0,392
15.09.2019 15:00;15.09.2019 16:00;0,391
15.09.2019 16:00;15.09.2019 17:00;1,92
15.09.2019 17:00;15.09.2019 18:00;4,337
15.09.2019 18:00;15.09.2019 19:00;1,425
15.09.2019 19:00;15.09.2019 20:00;0,747
15.09.2019 20:00;15.09.2019 21:00;1,01
15.09.2019 21:00;15.09.2019 22:00;0,874
15.09.2019 22:00;15.09.2019 23:00;1,559
15.09.2019 23:00;16.09.2019 00:00;1,384
16.09.2019 00:00;16.09.2019 01:00;0,485
16.09.2019 01:00;16.09.2019 02:00;0,488
16.09.2019 02:00;16.09.2019 03:00;0,271
16.09.2019 03:00;16.09.2019 04:00;0,485
16.09.2019 04:00;16.09.2019 05:00;0,285
16.09.2019 05:00;16.09.2019 06:00;0,587
16.09.2019 06:00;16.09.2019 07:00;0,578
16.09.2019 07:00;16.09.2019 08:00;1,657
16.09.2019 08:00;16.09.2019 09:00;0,602
16.09.2019 09:00;16.09.2019 10:00;0,433
16.09.2019 10:00;16.09.2019 11:00;0,283
16.09.2019 11:00;16.09.2019 12:00;0,609
16.09.2019 12:00;16.09.2019 13:00;0,244
16.09.2019 13:00;16.09.2019 14:00;0,354
16.09.2019 14:00;16.09.2019 15:00;0,61
16.09.2019 15:00;16.09.2019 16:00;0,667
16.09.2019 16:00;16.09.2019 17:00;1,516
16.09.2019 17:00;16.09.2019 18:00;0,718
16.09.2019 18:00;16.09.2019 19:00;0,529
16.09.2019 19:00;16.09.2019 20:00;0,802
16.09.2019 20:00;16.09.2019 21:00;0,58
16.09.2019 21:00;16.09.2019 22:00;2,191
16.09.2019 22:00;16.09.2019 23:00;1,46
16.09.2019 23:00;17.09.2019 00:00;0,417
17.09.2019 00:00;17.09.2019 01:00;0,542
17.09.2019 01:00;17.09.2019 02:00;0,428
17.09.2019 02:00;17.09.2019 03:00;0,459
17.09.2019 03:00;17.09.2019 04:00;0,538
17.09.2019 04:00;17.09.2019 05:00;0,482
17.09.2019 05:00;17.09.2019 06:00;1,375
17.09.2019 06:00;17.09.2019 07:00;1,22
17.09.2019 07:00;17.09.2019 08:00;1,32
17.09.2019 08:00;17.09.2019 09:00;1,144
17.09.2019 09:00;17.09.2019 10:00;0,9
17.09.2019 10:00;17.09.2019 11:00;0,559
17.09.2019 11:00;17.09.2019 12:00;0,791
17.09.2019 12:00;17.09.2019 13:00;0,63
17.09.2019 13:00;17.09.2019 14:00;0,615
17.09.2019 14:00;17.09.2019 15:00;1,509
17.09.2019 15:00;17.09.2019 16:00;0,689
17.09.2019 16:00;17.09.2019 17:00;0,523
17.09.2019 17:00;17.09.2019 18:00;1,583
17.09.2019 18:00;17.09.2019 19:00;0,992
17.09.2019 19:00;17.09.2019 20:00;1,019
17.09.2019 20:00;17.09.2019 21:00;1,917
17.09.2019 21:00;17.09.2019 22:00;1,512
17.09.2019 22:00;17.09.2019 23:00;1,349
17.09.2019 23:00;18.09.2019 00:00;0,519
18.09.2019 00:00;18.09.2019 01:00;0,351
18.09.2019 01:00;18.09.2019 02:00;0,527
18.09.2019 02:00;18.09.2019 03:00;1,42
18.09.2019 03:00;18.09.2019 04:00;0,449
18.09.2019 04:00;18.09.2019 05:00;0,551
18.09.2019 05:00;18.09.2019 06:00;0,446
18.09.2019 06:00;18.09.2019 07:00;0,899
18.09.2019 07:00;18.09.2019 08:00;1,111
18.09.2019 08:00;18.09.2019 09:00;0,452
18.09.2019 09:00;18.09.2019 10:00;1,503
18.09.2019 10:00;18.09.2019 11:00;0,764
18.09.2019 11:00;18.09.2019 12:00;0,342
18.09.2019 12:00;18.09.2019 13:00;0,516
18.09.2019 13:00;18.09.2019 14:00;0,674
18.09.2019 14:00;18.09.2019 15:00;0,39
18.09.2019 15:00;18.09.2019 16:00;0,442
18.09.2019 16:00;18.09.2019 17:00;1,123
18.09.2019 17:00;18.09.2019 18:00;0,831
18.09.2019 18:00;18.09.2019 19:00;1,369
18.09.2019 19:00;18.09.2019 20:00;0,992
18.09.2019 20:00;18.09.2019 21:00;0,648
18.09.2019 21:00;18.09.2019 22:00;2,893
18.09.2019 22:00;18.09.2019 23:00;0,774
18.09.2019 23:00;19.09.2019 00:00;0,628
19.09.2019 00:00;19.09.2019 01:00;0,533
19.09.2019 01:00;19.09.2019 02:00;0,446
19.09.2019 02:00;19.09.2019 03:00;0,589
19.09.2019 03:00;19.09.2019 04:00;0,594
19.09.2019 04:00;19.09.2019 05:00;0,525
19.09.2019 05:00;19.09.2019 06:00;1,326
19.09.2019 06:00;19.09.2019 07:00;1,075
19.09.2019 07:00;19.09.2019 08:00;0,967
19.09.2019 08:00;19.09.2019 09:00;0,844
19.09.2019 09:00;19.09.2019 10:00;0,677
19.09.2019 10:00;19.09.2019 11:00;0,636
19.09.2019 11:00;19.09.2019 12:00;0,75
19.09.2019 12:00;19.09.2019 13:00;1,627
19.09.2019 13:00;19.09.2019 14:00;0,451
19.09.2019 14:00;19.09.2019 15:00;0,692
19.09.2019 15:00;19.09.2019 16:00;0,694
19.09.2019 16:00;19.09.2019 17:00;0,588
19.09.2019 17:00;19.09.2019 18:00;1,161
19.09.2019 18:00;19.09.2019 19:00;1,842
19.09.2019 19:00;19.09.2019 20:00;2,814
19.09.2019 20:00;19.09.2019 21:00;2,376
19.09.2019 21:00;19.09.2019 22:00;1,293
19.09.2019 22:00;19.09.2019 23:00;0,795
19.09.2019 23:00;20.09.2019 00:00;0,594
20.09.2019 00:00;20.09.2019 01:00;0,755
20.09.2019 01:00;20.09.2019 02:00;0,605
20.09.2019 02:00;20.09.2019 03:00;0,76
20.09.2019 03:00;20.09.2019 04:00;1,609
20.09.2019 04:00;20.09.2019 05:00;0,585
20.09.2019 05:00;20.09.2019 06:00;0,792
20.09.2019 06:00;20.09.2019 07:00;0,806
20.09.2019 07:00;20.09.2019 08:00;0,872
20.09.2019 08:00;20.09.2019 09:00;0,88
20.09.2019 09:00;20.09.2019 10:00;0,723
20.09.2019 10:00;20.09.2019 11:00;2,122
20.09.2019 11:00;20.09.2019 12:00;1,544
20.09.2019 12:00;20.09.2019 13:00;1,636
20.09.2019 13:00;20.09.2019 14:00;1,365
20.09.2019 14:00;20.09.2019 15:00;2,01
20.09.2019 15:00;20.09.2019 16:00;0,948
20.09.2019 16:00;20.09.2019 17:00;0,94
20.09.2019 17:00;20.09.2019 18:00;0,893
20.09.2019 18:00;20.09.2019 19:00;2,065
20.09.2019 19:00;20.09.2019 20:00;1,194
20.09.2019 20:00;20.09.2019 21:00;0,88
20.09.2019 21:00;20.09.2019 22:00;0,829
20.09.2019 22:00;20.09.2019 23:00;1,038
20.09.2019 23:00;21.09.2019 00:00;0,732
21.09.2019 00:00;21.09.2019 01:00;1,207
21.09.2019 01:00;21.09.2019 02:00;0,416
21.09.2019 02:00;21.09.2019 03:00;0,584
21.09.2019 03:00;21.09.2019 04:00;0,251
21.09.2019 04:00;21.09.2019 05:00;0,589
21.09.2019 05:00;21.09.2019 06:00;0,626
21.09.2019 06:00;21.09.2019 07:00;0,316
21.09.2019 07:00;21.09.2019 08:00;0,585
21.09.2019 08:00;21.09.2019 09:00;1,276
21.09.2019 09:00;21.09.2019 10:00;1,827
21.09.2019 10:00;21.09.2019 11:00;2,047
21.09.2019 11:00;21.09.2019 12:00;2,602
21.09.2019 12:00;21.09.2019 13:00;0,995
21.09.2019 13:00;21.09.2019 14:00;0,345
21.09.2019 14:00;21.09.2019 15:00;0,603
21.09.2019 15:00;21.09.2019 16:00;0,465
21.09.2019 16:00;21.09.2019 17:00;1,082
21.09.2019 17:00;21.09.2019 18:00;0,786
21.09.2019 18:00;21.09.2019 19:00;0,536
21.09.2019 19:00;21.09.2019 20:00;1,049
21.09.2019 20:00;21.09.2019 21:00;1,811
21.09.2019 21:00;21.09.2019 22:00;0,93
21.09.2019 22:00;21.09.2019 23:00;0,801
21.09.2019 23:00;22.09.2019 00:00;0,878
22.09.2019 00:00;22.09.2019 01:00;0,329
22.09.2019 01:00;22.09.2019 02:00;0,602
22.09.2019 02:00;22.09.2019 03:00;0,449
22.09.2019 03:00;22.09.2019 04:00;1,267
22.09.2019 04:00;22.09.2019 05:00;0,65
22.09.2019 05:00;22.09.2019 06:00;0,334
22.09.2019 06:00;22.09.2019 07:00;0,548
22.09.2019 07:00;22.09.2019 08:00;0,408
22.09.2019 08:00;22.09.2019 09:00;0,732
22.09.2019 09:00;22.09.2019 10:00;0,852
22.09.2019 10:00;22.09.2019 11:00;1,39
22.09.2019 11:00;22.09.2019 12:00;1,232
22.09.2019 12:00;22.09.2019 13:00;1,665
22.09.2019 13:00;22.09.2019 14:00;0,446
22.09.2019 14:00;22.09.2019 15:00;0,41
22.09.2019 15:00;22.09.2019 16:00;0,603
22.09.2019 16:00;22.09.2019 17:00;0,288
22.09.2019 17:00;22.09.2019 18:00;0,533
22.09.2019 18:00;22.09.2019 19:00;0,816
22.09.2019 19:00;22.09.2019 20:00;0,963
22.09.2019 20:00;22.09.2019 21:00;1,898
22.09.2019 21:00;22.09.2019 22:00;0,888
22.09.2019 22:00;22.09.2019 23:00;0,631
22.09.2019 23:00;23.09.2019 00:00;0,512
23.09.2019 00:00;23.09.2019 01:00;0,399
23.09.2019 01:00;23.09.2019 02:00;0,521
23.09.2019 02:00;23.09.2019 03:00;0,3
23.09.2019 03:00;23.09.2019 04:00;0,633
23.09.2019 04:00;23.09.2019 05:00;1,134
23.09.2019 05:00;23.09.2019 06:00;0,572
23.09.2019 06:00;23.09.2019 07:00;0,458
23.09.2019 07:00;23.09.2019 08:00;0,773
23.09.2019 08:00;23.09.2019 09:00;0,453
23.09.2019 09:00;23.09.2019 10:00;0,369
23.09.2019 10:00;23.09.2019 11:00;0,607
23.09.2019 11:00;23.09.2019 12:00;0,426
23.09.2019 12:00;23.09.2019 13:00;0,42
23.09.2019 13:00;23.09.2019 14:00;0,347
23.09.2019 14:00;23.09.2019 15:00;1,305
23.09.2019 15:00;23.09.2019 16:00;0,463
23.09.2019 16:00;23.09.2019 17:00;0,576
23.09.2019 17:00;23.09.2019 18:00;0,499
23.09.2019 18:00;23.09.2019 19:00;0,938
23.09.2019 19:00;23.09.2019 20:00;1,004
23.09.2019 20:00;23.09.2019 21:00;0,984
23.09.2019 21:00;23.09.2019 22:00;0,948
23.09.2019 22:00;23.09.2019 23:00;0,762
23.09.2019 23:00;24.09.2019 00:00;1,413
24.09.2019 00:00;24.09.2019 01:00;0,388
24.09.2019 01:00;24.09.2019 02:00;0,524
24.09.2019 02:00;24.09.2019 03:00;0,734
24.09.2019 03:00;24.09.2019 04:00;0,494
24.09.2019 04:00;24.09.2019 05:00;0,47
24.09.2019 05:00;24.09.2019 06:00;0,583
24.09.2019 06:00;24.09.2019 07:00;0,763
24.09.2019 07:00;24.09.2019 08:00;1,41
24.09.2019 08:00;24.09.2019 09:00;0,85
24.09.2019 09:00;24.09.2019 10:00;0,774
24.09.2019 10:00;24.09.2019 11:00;0,619
24.09.2019 11:00;24.09.2019 12:00;0,646
24.09.2019 12:00;24.09.2019 13:00;0,621
24.09.2019 13:00;24.09.2019 14:00;0,753
24.09.2019 14:00;24.09.2019 15:00;0,784
24.09.2019 15:00;24.09.2019 16:00;0,414
24.09.2019 16:00;24.09.2019 17:00;1,502
24.09.2019 17:00;24.09.2019 18:00;2,635
24.09.2019 18:00;24.09.2019 19:00;0,979
24.09.2019 19:00;24.09.2019 20:00;0,811
24.09.2019 20:00;24.09.2019 21:00;0,922
24.09.2019 21:00;24.09.2019 22:00;1,319
24.09.2019 22:00;24.09.2019 23:00;2,701
24.09.2019 23:00;25.09.2019 00:00;1,4
25.09.2019 00:00;25.09.2019 01:00;0,658
25.09.2019 01:00;25.09.2019 02:00;0,528
25.09.2019 02:00;25.09.2019 03:00;0,706
25.09.2019 03:00;25.09.2019 04:00;0,634
25.09.2019 04:00;25.09.2019 05:00;0,596
25.09.2019 05:00;25.09.2019 06:00;0,769
25.09.2019 06:00;25.09.2019 07:00;0,709
25.09.2019 07:00;25.09.2019 08:00;1,826
25.09.2019 08:00;25.09.2019 09:00;0,824
25.09.2019 09:00;25.09.2019 10:00;0,557
25.09.2019 10:00;25.09.2019 11:00;0,79
25.09.2019 11:00;25.09.2019 12:00;0,747
25.09.2019 12:00;25.09.2019 13:00;0,582
25.09.2019 13:00;25.09.2019 14:00;0,795
25.09.2019 14:00;25.09.2019 15:00;0,773
25.09.2019 15:00;25.09.2019 16:00;1,447
25.09.2019 16:00;25.09.2019 17:00;0,795
25.09.2019 17:00;25.09.2019 18:00;2,07
25.09.2019 18:00;25.09.2019 19:00;1,277
25.09.2019 19:00;25.09.2019 20:00;3,337
25.09.2019 20:00;25.09.2019 21:00;2,465
25.09.2019 21:00;25.09.2019 22:00;0,781
25.09.2019 22:00;25.09.2019 23:00;0,612
25.09.2019 23:00;26.09.2019 00:00;0,515
26.09.2019 00:00;26.09.2019 01:00;0,516
26.09.2019 01:00;26.09.2019 02:00;0,357
26.09.2019 02:00;26.09.2019 03:00;1,509
26.09.2019 03:00;26.09.2019 04:00;0,623
26.09.2019 04:00;26.09.2019 05:00;0,47
26.09.2019 05:00;26.09.2019 06:00;0,644
26.09.2019 06:00;26.09.2019 07:00;0,835
26.09.2019 07:00;26.09.2019 08:00;0,723
26.09.2019 08:00;26.09.2019 09:00;0,653
26.09.2019 09:00;26.09.2019 10:00;0,715
26.09.2019 10:00;26.09.2019 11:00;1,591
26.09.2019 11:00;26.09.2019 12:00;0,71
26.09.2019 12:00;26.09.2019 13:00;0,625
26.09.2019 13:00;26.09.2019 14:00;0,739
26.09.2019 14:00;26.09.2019 15:00;0,749
26.09.2019 15:00;26.09.2019 16:00;0,565
26.09.2019 16:00;26.09.2019 17:00;0,896
26.09.2019 17:00;26.09.2019 18:00;1,691
26.09.2019 18:00;26.09.2019 19:00;1,995
26.09.2019 19:00;26.09.2019 20:00;0,925
26.09.2019 20:00;26.09.2019 21:00;0,719
26.09.2019 21:00;26.09.2019 22:00;2,466
26.09.2019 22:00;26.09.2019 23:00;1,736
26.09.2019 23:00;27.09.2019 00:00;0,661
27.09.2019 00:00;27.09.2019 01:00;0,601
27.09.2019 01:00;27.09.2019 02:00;0,594
27.09.2019 02:00;27.09.2019 03:00;0,676
27.09.2019 03:00;27.09.2019 04:00;0,655
27.09.2019 04:00;27.09.2019 05:00;0,558
27.09.2019 05:00;27.09.2019 06:00;0,895
27.09.2019 06:00;27.09.2019 07:00;1,614
27.09.2019 07:00;27.09.2019 08:00;0,556
27.09.2019 08:00;27.09.2019 09:00;0,821
27.09.2019 09:00;27.09.2019 10:00;0,736
27.09.2019 10:00;27.09.2019 11:00;0,564
27.09.2019 11:00;27.09.2019 12:00;0,691
27.09.2019 12:00;27.09.2019 13:00;0,822
27.09.2019 13:00;27.09.2019 14:00;1,434
27.09.2019 14:00;27.09.2019 15:00;0,717
27.09.2019 15:00;27.09.2019 16:00;0,671
27.09.2019 16:00;27.09.2019 17:00;1,071
27.09.2019 17:00;27.09.2019 18:00;1,75
27.09.2019 18:00;27.09.2019 19:00;1,153
27.09.2019 19:00;27.09.2019 20:00;3,398
27.09.2019 20:00;27.09.2019 21:00;2,699
27.09.2019 21:00;27.09.2019 22:00;0,949
27.09.2019 22:00;27.09.2019 23:00;1,654
27.09.2019 23:00;28.09.2019 00:00;0,786
28.09.2019 00:00;28.09.2019 01:00;0,625
28.09.2019 01:00;28.09.2019 02:00;0,502
28.09.2019 02:00;28.09.2019 03:00;0,451
28.09.2019 03:00;28.09.2019 04:00;0,562
28.09.2019 04:00;28.09.2019 05:00;0,457
28.09.2019 05:00;28.09.2019 06:00;0,72
28.09.2019 06:00;28.09.2019 07:00;0,614
28.09.2019 07:00;28.09.2019 08:00;1,842
28.09.2019 08:00;28.09.2019 09:00;1,146
28.09.2019 09:00;28.09.2019 10:00;1,573
28.09.2019 10:00;28.09.2019 11:00;1,788
28.09.2019 11:00;28.09.2019 12:00;0,627
28.09.2019 12:00;28.09.2019 13:00;0,506
28.09.2019 13:00;28.09.2019 14:00;0,73
28.09.2019 14:00;28.09.2019 15:00;1,752
28.09.2019 15:00;28.09.2019 16:00;1,596
28.09.2019 16:00;28.09.2019 17:00;3,8
28.09.2019 17:00;28.09.2019 18:00;1,195
28.09.2019 18:00;28.09.2019 19:00;0,977
28.09.2019 19:00;28.09.2019 20:00;2,195
28.09.2019 20:00;28.09.2019 21:00;0,962
28.09.2019 21:00;28.09.2019 22:00;0,937
28.09.2019 22:00;28.09.2019 23:00;0,91
28.09.2019 23:00;29.09.2019 00:00;0,575
29.09.2019 00:00;29.09.2019 01:00;0,28
29.09.2019 01:00;29.09.2019 02:00;1,33
29.09.2019 02:00;29.09.2019 03:00;0,641
29.09.2019 03:00;29.09.2019 04:00;0,533
29.09.2019 04:00;29.09.2019 05:00;0,613
29.09.2019 05:00;29.09.2019 06:00;0,591
29.09.2019 06:00;29.09.2019 07:00;0,671
29.09.2019 07:00;29.09.2019 08:00;0,612
29.09.2019 08:00;29.09.2019 09:00;3,145
29.09.2019 09:00;29.09.2019 10:00;0,964
29.09.2019 10:00;29.09.2019 11:00;2,019
29.09.2019 11:00;29.09.2019 12:00;1,628
29.09.2019 12:00;29.09.2019 13:00;2,539
29.09.2019 13:00;29.09.2019 14:00;1,147
29.09.2019 14:00;29.09.2019 15:00;4,046
29.09.2019 15:00;29.09.2019 16:00;3,382
29.09.2019 16:00;29.09.2019 17:00;0,878
29.09.2019 17:00;29.09.2019 18:00;2,311
29.09.2019 18:00;29.09.2019 19:00;1,03
29.09.2019 19:00;29.09.2019 20:00;0,834
29.09.2019 20:00;29.09.2019 21:00;0,739
29.09.2019 21:00;29.09.2019 22:00;0,913
29.09.2019 22:00;29.09.2019 23:00;1,986
29.09.2019 23:00;30.09.2019 00:00;0,99
30.09.2019 00:00;30.09.2019 01:00;0,279
30.09.2019 01:00;30.09.2019 02:00;0,412
30.09.2019 02:00;30.09.2019 03:00;0,414
30.09.2019 03:00;30.09.2019 04:00;0,305
30.09.2019 04:00;30.09.2019 05:00;0,439
30.09.2019 05:00;30.09.2019 06:00;0,25
30.09.2019 06:00;30.09.2019 07:00;0,68
30.09.2019 07:00;30.09.2019 08:00;1,765
30.09.2019 08:00;30.09.2019 09:00;0,458
30.09.2019 09:00;30.09.2019 10:00;0,618
30.09.2019 10:00;30.09.2019 11:00;0,55
30.09.2019 11:00;30.09.2019 12:00;0,667
30.09.2019 12:00;30.09.2019 13:00;0,613
30.09.2019 13:00;30.09.2019 14:00;0,541
30.09.2019 14:00;30.09.2019 15:00;0,665
30.09.2019 15:00;30.09.2019 16:00;0,417
30.09.2019 16:00;30.09.2019 17:00;1,461
30.09.2019 17:00;30.09.2019 18:00;1,584
30.09.2019 18:00;30.09.2019 19:00;3,155
30.09.2019 19:00;30.09.2019 20:00;2,384
30.09.2019 20:00;30.09.2019 21:00;1,541
30.09.2019 21:00;30.09.2019 22:00;2,724
30.09.2019 22:00;30.09.2019 23:00;1,616
30.09.2019 23:00;01.10.2019 00:00;0,423